idx,lr,layers,neurons,max_iter,fit_time,score_time,test_root_mean_squared_error,test_mean_absolute_error,test_r2_score
0.0,0.01,3.0,5.0,100.0,0.1729671001434326,0.0006867885589599609,0.731487392136971,0.5350738048553467,-0.3517575881170588
1.0,0.01,3.0,5.0,200.0,0.2867952823638916,0.00040044784545898435,0.600051190258874,0.36006143093109133,0.08709116608469314
2.0,0.01,3.0,5.0,500.0,0.21359710693359374,0.0010011672973632812,0.7947977142470541,0.6317034065723419,-0.6241531952242694
3.0,0.01,3.0,5.0,1000.0,0.14993977546691895,0.0008007049560546875,0.9298908107504129,0.8646969199180603,-1.1909115576391192
4.0,0.01,3.0,10.0,100.0,0.1625504970550537,0.0008008480072021484,0.7040744813322054,0.4957208752632141,-0.25669035779227534
5.0,0.01,3.0,10.0,200.0,0.18106765747070314,0.0006002426147460937,0.645129426752878,0.41619197726249696,-0.05595267245344502
6.0,0.01,3.0,10.0,500.0,0.27057614326477053,0.0005994319915771484,0.5921498420034834,0.35064143538475034,0.11206261653089386
7.0,0.01,3.0,10.0,1000.0,0.16775364875793458,0.0006005764007568359,0.7125618205104479,0.5077443480491638,-0.285451644269886
8.0,0.01,3.0,20.0,100.0,0.19225358963012695,0.0005983352661132812,0.6244097258769514,0.38988750576972964,0.014660017496205779
9.0,0.01,3.0,20.0,200.0,0.234016752243042,0.001000833511352539,1.0308568840965253,1.0626659154891969,-1.7268750257947054
10.0,0.01,3.0,20.0,500.0,0.2189016819000244,0.0008008003234863282,1.2834469893006943,1.6472361743450166,-3.1443908964962555
11.0,0.01,3.0,20.0,1000.0,0.21155862808227538,0.00040035247802734376,0.6753386133838932,0.45608224272727965,-0.15595821061315668
12.0,0.01,3.0,50.0,100.0,0.3625511646270752,0.0007994651794433593,0.8191938784074422,0.6710786104202271,-0.7007829844837689
13.0,0.01,3.0,50.0,200.0,0.32367939949035646,0.0004004955291748047,0.8386475423153353,0.7033297002315522,-0.7956633635330366
14.0,0.01,3.0,50.0,500.0,0.2880861759185791,0.0010008811950683594,0.936812326626587,0.877617335319519,-1.2412671870082832
15.0,0.01,3.0,50.0,1000.0,0.3513310432434082,0.0008006572723388671,0.8912713934268867,0.7943646967411041,-0.9852623033910831
16.0,0.01,3.0,100.0,100.0,0.4887171745300293,0.001000833511352539,0.9205938229846514,0.8474929869174957,-1.1478550706016417
17.0,0.01,3.0,100.0,200.0,0.4394191265106201,0.0010010242462158204,1.1408365027414067,1.3015079259872437,-2.3202046964917358
18.0,0.01,3.0,100.0,500.0,0.4801140785217285,0.001000833511352539,1.1168381311429039,1.247327411174774,-2.15614943480515
19.0,0.01,3.0,100.0,1000.0,0.42866125106811526,0.0012011051177978516,1.5318363273840927,2.346522533893585,-4.957006712655941
20.0,0.01,5.0,5.0,100.0,0.2569870948791504,0.0008006572723388671,0.6840767423873217,0.4679609894752502,-0.17531219517884494
21.0,0.01,5.0,5.0,200.0,0.14719729423522948,0.0009996891021728516,0.5784375299652603,0.3345899760723114,0.15252274771684607
22.0,0.01,5.0,5.0,500.0,0.15720715522766113,0.0007990360260009766,0.6062082364749571,0.3674884259700775,0.06946878457613034
23.0,0.01,5.0,5.0,1000.0,0.23434047698974608,0.0008007049560546875,0.5717509588576309,0.32689915895462035,0.17220559491756088
24.0,0.01,5.0,10.0,100.0,0.22405509948730468,0.0004001140594482422,0.5681000370210952,0.32273765206336974,0.1825629246473328
25.0,0.01,5.0,10.0,200.0,0.2657747745513916,0.0007999897003173828,0.6911382037050448,0.47767201662063596,-0.2091406073255211
26.0,0.01,5.0,10.0,500.0,0.22390189170837402,0.0,0.5588592858508153,0.31232370138168336,0.2082797907177542
27.0,0.01,5.0,10.0,1000.0,0.1813669204711914,0.0008008003234863282,0.5888466345899558,0.3467403590679169,0.12147226474935098
28.0,0.01,5.0,20.0,100.0,0.2079385757446289,0.00040073394775390624,0.5954771570089187,0.3545930445194244,0.10373006982635784
29.0,0.01,5.0,20.0,200.0,0.21375513076782227,0.0008020877838134765,0.6485226265056351,0.42058159708976744,-0.07110951324435436
30.0,0.01,5.0,20.0,500.0,0.2531902313232422,0.0006006717681884766,0.6695699807429896,0.4483239591121674,-0.14305425782153286
31.0,0.01,5.0,20.0,1000.0,0.15710058212280273,0.0006004810333251953,0.5879681304839168,0.3457065224647522,0.12335804922110634
32.0,0.01,5.0,50.0,100.0,0.3646876335144043,0.0010039329528808594,0.5991105231834787,0.3589334189891815,0.09024381960945387
33.0,0.01,5.0,50.0,200.0,0.4641123294830322,0.0007996559143066406,0.6072547805428348,0.36875836849212645,0.06919458938499987
34.0,0.01,5.0,50.0,500.0,0.3804448127746582,0.0008006095886230469,0.7103759392244304,0.5046339750289917,-0.27860119347353507
35.0,0.01,5.0,50.0,1000.0,0.4330955982208252,0.0008006572723388671,0.6128184035900489,0.375546395778656,0.048622523262765505
36.0,0.01,5.0,100.0,100.0,0.7937520980834961,0.0016018867492675782,0.7587096497994618,0.575640332698822,-0.45624867758388915
37.0,0.01,5.0,100.0,200.0,0.571887731552124,0.0012012481689453124,0.7047715680373214,0.4967029631137848,-0.2654697750675713
38.0,0.01,5.0,100.0,500.0,0.9086691379547119,0.0014011383056640625,0.6317363206494203,0.39909077882766725,-0.012102489189792376
39.0,0.01,5.0,100.0,1000.0,0.8346879482269287,0.0016015529632568359,0.6696461902717108,0.44842602014541627,-0.1416749348317587
40.0,0.01,7.0,5.0,100.0,0.22967028617858887,0.0007995128631591797,0.6178294597530373,0.38171324133872986,0.03213463044970484
41.0,0.01,7.0,5.0,200.0,0.36228318214416505,0.0007993698120117188,0.5800849477450193,0.3364985466003418,0.14620096072350894
42.0,0.01,7.0,5.0,500.0,0.3015591621398926,0.0008004188537597656,0.5767021557971527,0.3325853765010834,0.15948896337305377
43.0,0.01,7.0,5.0,1000.0,0.254945707321167,0.000801849365234375,0.5699579573903644,0.32485207319259646,0.17520402145993458
44.0,0.01,7.0,10.0,100.0,0.2363330364227295,0.0005987167358398437,0.5662862611153883,0.32068012952804564,0.18792599364184467
45.0,0.01,7.0,10.0,200.0,0.19435839653015136,0.0010009288787841796,0.564974476102715,0.31919615864753725,0.19049789925098834
46.0,0.01,7.0,10.0,500.0,0.19397611618041993,0.0006005764007568359,0.5940776723883698,0.3529282808303833,0.10036910939816246
47.0,0.01,7.0,10.0,1000.0,0.2580573558807373,0.0008007526397705078,0.5647994618972506,0.3189984321594238,0.19198625626901172
48.0,0.01,7.0,20.0,100.0,0.22885966300964355,0.0006005764007568359,0.5661045823309849,0.3204743981361389,0.18811417089308674
49.0,0.01,7.0,20.0,200.0,0.29000110626220704,0.0006619453430175781,0.6038117950517468,0.36458868384361265,0.07500906362460438
50.0,0.01,7.0,20.0,500.0,0.2885562896728516,0.0006005287170410157,0.5734052799746162,0.32879361510276794,0.164344481556772
51.0,0.01,7.0,20.0,1000.0,0.2005899429321289,0.0006004810333251953,0.5909456482662889,0.3492167592048645,0.11579426714810873
52.0,0.01,7.0,50.0,100.0,0.39257965087890623,0.001238870620727539,0.6338674252914497,0.40178791284561155,-0.01760002913572245
53.0,0.01,7.0,50.0,200.0,0.4642294406890869,0.001001119613647461,0.5719517286346402,0.3271287798881531,0.17040203725085984
54.0,0.01,7.0,50.0,500.0,0.4521161079406738,0.0010060787200927735,0.56446233299691,0.3186177253723145,0.19300523424210775
55.0,0.01,7.0,50.0,1000.0,0.40520691871643066,0.0009996891021728516,0.5548636895402188,0.3078737139701843,0.22029969796783827
56.0,0.01,7.0,100.0,100.0,0.8987821578979492,0.0020019054412841798,0.5618533974505677,0.3156792402267456,0.20096562580099936
57.0,0.01,7.0,100.0,200.0,0.7906680583953858,0.002001237869262695,0.5682807999137919,0.32294306755065916,0.18048838730951378
58.0,0.01,7.0,100.0,500.0,0.9490906715393066,0.0016013622283935548,0.5741363829620697,0.3296325862407684,0.1632859166572132
59.0,0.01,7.0,100.0,1000.0,0.9065196990966797,0.0020009994506835936,0.5858768787813756,0.3432517170906067,0.13066453124634822
60.0,0.01,9.0,5.0,100.0,0.27822208404541016,0.0008006572723388671,0.5902679332834744,0.34841623306274416,0.11694857619517995
61.0,0.01,9.0,5.0,200.0,0.5078354358673096,0.0004004001617431641,0.616090141825664,0.3795670628547668,0.03924399008589474
62.0,0.01,9.0,5.0,500.0,0.25215902328491213,0.00040044784545898435,0.6144509598584111,0.37754998207092283,0.042282485266852785
63.0,0.01,9.0,5.0,1000.0,0.21643538475036622,0.0006005287170410157,0.568008461341831,0.3226336121559143,0.18302903822138464
64.0,0.01,9.0,10.0,100.0,0.2846376419067383,0.0005975246429443359,0.5585161915534921,0.311940336227417,0.20910261170341995
65.0,0.01,9.0,10.0,200.0,0.28661308288574217,0.0006004810333251953,0.5539250788965491,0.3068329930305481,0.22268941566167538
66.0,0.01,9.0,10.0,500.0,0.2649710655212402,0.0007957935333251954,0.5866420934508626,0.34414894580841066,0.1292145722001699
67.0,0.01,9.0,10.0,1000.0,0.2758305549621582,0.0008007049560546875,0.5543378722048429,0.30729047656059266,0.2218211602496843
68.0,0.01,9.0,20.0,100.0,0.2698493480682373,0.0006004810333251953,0.5638668037838716,0.3179457724094391,0.19503569554471967
69.0,0.01,9.0,20.0,200.0,0.2542255878448486,0.0008007049560546875,0.5638648534871161,0.3179435729980469,0.19555899963778345
70.0,0.01,9.0,20.0,500.0,0.2910285472869873,0.0008005619049072266,0.5623800520694363,0.31627132296562194,0.19885582580202793
71.0,0.01,9.0,20.0,1000.0,0.24542970657348634,0.0008006095886230469,0.5583059249622297,0.3117055058479309,0.2100510461444845
72.0,0.01,9.0,50.0,100.0,0.5009495258331299,0.0010009765625,0.5570710990530535,0.310328209400177,0.21348179726591326
73.0,0.01,9.0,50.0,200.0,0.40263805389404295,0.0010010242462158204,0.5622233187178314,0.31609506011009214,0.1997045050214275
74.0,0.01,9.0,50.0,500.0,0.5883444309234619,0.0010009288787841796,0.5612567938582468,0.3150091886520386,0.20177009771132184
75.0,0.01,9.0,50.0,1000.0,0.6739747047424316,0.0014005184173583984,0.553263919432854,0.3061009645462036,0.22449790082107457
76.0,0.01,9.0,100.0,100.0,0.9920897006988525,0.0020047664642333985,0.5555674329786089,0.30865517258644104,0.21747999698169768
77.0,0.01,9.0,100.0,200.0,1.080866527557373,0.002202272415161133,0.5598003560357088,0.3133764386177063,0.20596801844062923
78.0,0.01,9.0,100.0,500.0,0.9252173900604248,0.002199220657348633,0.5709071103565136,0.3259349286556244,0.17381384324534838
79.0,0.01,9.0,100.0,1000.0,0.7862682342529297,0.0022021770477294923,0.5681611439671571,0.3228070855140686,0.1826173879242902
80.0,0.01,11.0,5.0,100.0,0.26675925254821775,0.0007997989654541015,0.5993713602347338,0.359246027469635,0.09023722376088741
81.0,0.01,11.0,5.0,200.0,0.41893863677978516,0.0003994941711425781,0.5766018417292598,0.33246968388557435,0.15797351899542103
82.0,0.01,11.0,5.0,500.0,0.2678855895996094,0.0006006240844726562,0.5604196862726745,0.3140702247619629,0.2044878362254421
83.0,0.01,11.0,5.0,1000.0,0.34205212593078616,0.001001119613647461,0.5533348245868734,0.30617942810058596,0.2242754892891771
84.0,0.01,11.0,10.0,100.0,0.27444920539855955,0.0008008003234863282,0.5629278992615292,0.3168878197669983,0.19793294927437055
85.0,0.01,11.0,10.0,200.0,0.2913361549377441,0.0008005142211914062,0.5521927083433119,0.30491678714752196,0.2276544062619803
86.0,0.01,11.0,10.0,500.0,0.25348567962646484,0.0008006095886230469,0.5537973972211865,0.30669155716896057,0.2231455056577667
87.0,0.01,11.0,10.0,1000.0,0.31841244697570803,0.000603485107421875,0.5515159252267628,0.3041698157787323,0.22946594249749092
88.0,0.01,11.0,20.0,100.0,0.27935237884521485,0.0005026817321777344,0.5547337848533511,0.307729572057724,0.21981236362156112
89.0,0.01,11.0,20.0,200.0,0.33665785789489744,0.0009764671325683594,0.55890041016601,0.31236966848373415,0.20943901752249117
90.0,0.01,11.0,20.0,500.0,0.2673736572265625,0.001000833511352539,0.556748941155854,0.30996938347816466,0.2148553230400762
91.0,0.01,11.0,20.0,1000.0,0.2877645969390869,0.0011995792388916015,0.5586285186830893,0.31206582188606263,0.20906650288150544
92.0,0.01,11.0,50.0,100.0,0.49045648574829104,0.001600027084350586,0.5725550834109622,0.32781932353973386,0.16950947459478666
93.0,0.01,11.0,50.0,200.0,0.3945777893066406,0.0016015529632568359,0.5612108717364952,0.31495764255523684,0.203047987979956
94.0,0.01,11.0,50.0,500.0,0.4978762149810791,0.0016016483306884766,0.5579229795750702,0.31127805113792417,0.21197366799804102
95.0,0.01,11.0,50.0,1000.0,0.4930103778839111,0.0018016815185546875,0.552418632772947,0.30516634583473207,0.22711265949586174
96.0,0.01,11.0,100.0,100.0,0.9063329219818115,0.002599477767944336,0.5604164742773168,0.31406662464141843,0.20441976293679684
97.0,0.01,11.0,100.0,200.0,0.9067444324493408,0.002802610397338867,0.5547612315859317,0.30776002407073977,0.22017720681110844
98.0,0.01,11.0,100.0,500.0,0.9830843448638916,0.0032059669494628905,0.5554014634638879,0.30847078561782837,0.21855347330361657
99.0,0.01,11.0,100.0,1000.0,0.9648899555206298,0.0030032634735107423,0.5642917970093242,0.31842523217201235,0.1928151544692615
100.0,0.01,13.0,5.0,100.0,0.3341051578521729,0.0006005287170410157,0.5831984625168145,0.34012044668197633,0.13892331646607234
101.0,0.01,13.0,5.0,200.0,0.4653665542602539,0.00040035247802734376,0.5808067651972699,0.3373364984989166,0.14406303609781157
102.0,0.01,13.0,5.0,500.0,0.2532621383666992,0.0010011672973632812,0.5896047044616808,0.34763370752334594,0.1178122926125974
103.0,0.01,13.0,5.0,1000.0,0.29759702682495115,0.0008006572723388671,0.5867841783149716,0.3443156719207764,0.1303169360109122
104.0,0.01,13.0,10.0,100.0,0.3318921089172363,0.0009904861450195312,0.5634940582679715,0.3175255537033081,0.19384696073955326
105.0,0.01,13.0,10.0,200.0,0.3768582820892334,0.0005268096923828125,0.5539923005188745,0.30690746903419497,0.22254296585036015
106.0,0.01,13.0,10.0,500.0,0.3310744285583496,0.0008007526397705078,0.5550676735438335,0.30810012221336364,0.21956318530037988
107.0,0.01,13.0,10.0,1000.0,0.30049858093261717,0.0006006240844726562,0.5592697001821295,0.3127825975418091,0.20706009238478024
108.0,0.01,13.0,20.0,100.0,0.31468563079833983,0.0008008480072021484,0.5546857806971593,0.3076763153076172,0.2207769322542637
109.0,0.01,13.0,20.0,200.0,0.32260837554931643,0.0010006427764892578,0.5567779639286758,0.3100017011165619,0.21462943822713765
110.0,0.01,13.0,20.0,500.0,0.29539055824279786,0.0010009288787841796,0.558512424337629,0.31193612813949584,0.2094249784448845
111.0,0.01,13.0,20.0,1000.0,0.30767998695373533,0.0010009288787841796,0.5626448709639743,0.31656925082206727,0.19790164263295304
112.0,0.01,13.0,50.0,100.0,0.5927183628082275,0.0016013145446777343,0.5518206535270145,0.3045060336589813,0.22850172260099275
113.0,0.01,13.0,50.0,200.0,0.49433608055114747,0.002002239227294922,0.5571251136055587,0.3103883922100067,0.21297449242301753
114.0,0.01,13.0,50.0,500.0,0.5470949172973633,0.0014013290405273438,0.5555057025105125,0.308586585521698,0.2178439878677576
115.0,0.01,13.0,50.0,1000.0,0.5073116779327392,0.001601409912109375,0.5572013092469267,0.31047329902648924,0.21337847141911898
116.0,0.01,13.0,100.0,100.0,0.9604529857635498,0.0032033443450927733,0.5676454655079337,0.32222137451171873,0.1831247853248889
117.0,0.01,13.0,100.0,200.0,1.2691807270050048,0.0031997203826904298,0.5520645126397642,0.3047752261161804,0.22782752037045473
118.0,0.01,13.0,100.0,500.0,1.248819351196289,0.002904987335205078,0.5540332374225115,0.30695282816886904,0.22220608633156952
119.0,0.01,13.0,100.0,1000.0,1.1224871635437013,0.003506183624267578,0.5667279980464703,0.32118062376976014,0.185411167901722
120.0,0.005,3.0,5.0,100.0,0.17680201530456544,0.0007996082305908204,0.8229301069264641,0.6772139608860016,-0.7209675337271867
121.0,0.005,3.0,5.0,200.0,0.28302807807922364,0.0010009288787841796,0.6537548404900979,0.4273953914642334,-0.08208407120198588
122.0,0.005,3.0,5.0,500.0,0.1892854690551758,0.0006005287170410157,0.6478495034572391,0.41970897912979127,-0.06395957085732666
123.0,0.005,3.0,5.0,1000.0,0.21234006881713868,0.0006005764007568359,0.7517509763411285,0.56512953042984,-0.42925032620409065
124.0,0.005,3.0,10.0,100.0,0.2121433734893799,0.0006004810333251953,1.5610219335010929,2.4367894768714904,-5.225743081912098
125.0,0.005,3.0,10.0,200.0,0.23580679893493653,0.00040044784545898435,0.7452503730263683,0.5553981184959411,-0.40751454110227403
126.0,0.005,3.0,10.0,500.0,0.28233017921447756,0.0006004810333251953,1.0670084081146887,1.138506942987442,-1.880970670604856
127.0,0.005,3.0,10.0,1000.0,0.18908987045288086,0.00020017623901367188,0.6771207862667966,0.45849255919456483,-0.16729529296822232
128.0,0.005,3.0,20.0,100.0,0.19829955101013183,0.0008008003234863282,1.0327463853136096,1.0665650963783264,-1.7032649407238314
129.0,0.005,3.0,20.0,200.0,0.2601202964782715,0.0006005287170410157,0.6534700139483945,0.42702305912971494,-0.07792193389901084
130.0,0.005,3.0,20.0,500.0,0.22601709365844727,0.0007993698120117188,0.6709836236658028,0.45021902322769164,-0.13947809297613092
131.0,0.005,3.0,20.0,1000.0,0.2538278579711914,0.00020017623901367188,0.6189752159225819,0.38313031792640684,0.027573843876034832
132.0,0.005,3.0,50.0,100.0,0.2895063877105713,0.001000833511352539,0.8718659062065129,0.760150158405304,-0.9078104053378325
133.0,0.005,3.0,50.0,200.0,0.2955767631530762,0.0007992267608642578,1.0018545031577752,1.0037124454975128,-1.6026468738196074
134.0,0.005,3.0,50.0,500.0,0.3496988773345947,0.0005025863647460938,0.7797684277750792,0.6080388009548188,-0.5390991126908793
135.0,0.005,3.0,50.0,1000.0,0.3230587959289551,0.00040030479431152344,0.665293277769188,0.44261514544487,-0.12397481501019317
136.0,0.005,3.0,100.0,100.0,0.44076104164123536,0.0007987022399902344,0.9640174014333278,0.9293295502662658,-1.3578388294885595
137.0,0.005,3.0,100.0,200.0,0.4584208011627197,0.0007851123809814453,1.3368934378973172,1.7872840642929078,-3.534212051983039
138.0,0.005,3.0,100.0,500.0,0.5683634757995606,0.0010035037994384766,0.7914031108707331,0.626318883895874,-0.5808309576046854
139.0,0.005,3.0,100.0,1000.0,0.4654444694519043,0.0009999275207519531,1.159409896243154,1.3442313075065613,-2.378002460792471
140.0,0.005,5.0,5.0,100.0,0.18164567947387694,0.0008008956909179687,0.5995956319917701,0.35951492190361023,0.08927601477681857
141.0,0.005,5.0,5.0,200.0,0.19275588989257814,0.0008007049560546875,0.6398675208514416,0.40943044424057007,-0.03684243834348888
142.0,0.005,5.0,5.0,500.0,0.2699765205383301,0.0006002426147460937,0.6239869920478217,0.38935976624488833,0.004919228820420641
143.0,0.005,5.0,5.0,1000.0,0.44627962112426756,0.00040030479431152344,0.5907184506716099,0.3489482879638672,0.11641117218668177
144.0,0.005,5.0,10.0,100.0,0.1994051456451416,0.0008008003234863282,0.6814927998356244,0.46443243622779845,-0.17582493932855087
145.0,0.005,5.0,10.0,200.0,0.17207536697387696,0.0006008148193359375,0.7759860311103798,0.6021543204784393,-0.525957021297509
146.0,0.005,5.0,10.0,500.0,0.2075556755065918,0.0008005619049072266,0.5959755296580065,0.35518683195114137,0.0995912419125536
147.0,0.005,5.0,10.0,1000.0,0.21223249435424804,0.0006005287170410157,0.7313747886405747,0.5349090814590454,-0.3571639809785665
148.0,0.005,5.0,20.0,100.0,0.20859217643737793,0.00040030479431152344,0.770657836851792,0.5939135015010834,-0.514800800941537
149.0,0.005,5.0,20.0,200.0,0.20203394889831544,0.0005981922149658203,0.633542165290848,0.40137567520141604,-0.017646465525501108
150.0,0.005,5.0,20.0,500.0,0.2746060848236084,0.0005994796752929688,0.6129241875818742,0.3756760597229004,0.04405145579156635
151.0,0.005,5.0,20.0,1000.0,0.19839611053466796,0.0004004001617431641,0.8457322571562477,0.7152630507946014,-0.8015336972318767
152.0,0.005,5.0,50.0,100.0,0.4863290786743164,0.0010009288787841796,0.6282812673800678,0.39473735094070433,-0.0014390120011668506
153.0,0.005,5.0,50.0,200.0,0.3577240467071533,0.0009930133819580078,0.868770824155349,0.7547627449035644,-0.9130997320302032
154.0,0.005,5.0,50.0,500.0,0.4469247817993164,0.0008006572723388671,0.8191399359165799,0.6709902346134186,-0.7009926497769204
155.0,0.005,5.0,50.0,1000.0,0.34894776344299316,0.0009044647216796875,0.7167995109821466,0.5138015389442444,-0.2989673686845607
156.0,0.005,5.0,100.0,100.0,0.7171801090240478,0.0012010097503662109,0.8913873555139282,0.7945714175701142,-1.0306051990669218
157.0,0.005,5.0,100.0,200.0,0.5982226371765137,0.001601409912109375,1.1001583402635753,1.2103483736515046,-2.0997516491010493
158.0,0.005,5.0,100.0,500.0,0.7959093570709228,0.0012009620666503906,0.7627636867846851,0.5818084418773651,-0.5037680185472084
159.0,0.005,5.0,100.0,1000.0,0.8064541816711426,0.0017035484313964843,0.8323300429573097,0.6927733004093171,-0.756223095395716
160.0,0.005,7.0,5.0,100.0,0.22850704193115234,0.0007991790771484375,0.5854339266729379,0.3427328824996948,0.13209147482133077
161.0,0.005,7.0,5.0,200.0,0.21195149421691895,0.0008016109466552734,0.590601549238052,0.3488101899623871,0.11767950013618449
162.0,0.005,7.0,5.0,500.0,0.25957531929016114,0.00040030479431152344,0.5771122386959956,0.33305853605270386,0.15486113080105127
163.0,0.005,7.0,5.0,1000.0,0.29253602027893066,0.0006005764007568359,0.5892677981472851,0.34723653793334963,0.1188894074435544
164.0,0.005,7.0,10.0,100.0,0.2245795726776123,0.00040044784545898435,0.5893578605950972,0.3473426878452301,0.11723203179428728
165.0,0.005,7.0,10.0,200.0,0.24112286567687988,0.0004002094268798828,0.5587619288235786,0.3122148931026459,0.208841081724127
166.0,0.005,7.0,10.0,500.0,0.226005220413208,0.0008005142211914062,0.5620462070624541,0.31589593887329104,0.2002854032868923
167.0,0.005,7.0,10.0,1000.0,0.2269217014312744,0.0006004810333251953,0.6239573269062704,0.3893227458000183,0.014255012019330415
168.0,0.005,7.0,20.0,100.0,0.23151807785034179,0.0006006717681884766,0.5739152586385952,0.32937872409820557,0.1647408510364499
169.0,0.005,7.0,20.0,200.0,0.20190234184265138,0.0008004188537597656,0.580039519492794,0.3364458441734314,0.1472983660705422
170.0,0.005,7.0,20.0,500.0,0.32230286598205565,0.0007037162780761719,0.6102566869620171,0.3724132239818573,0.05473749349300738
171.0,0.005,7.0,20.0,1000.0,0.21536240577697754,0.0008006095886230469,0.647072497455421,0.4187028169631958,-0.06687703494402628
172.0,0.005,7.0,50.0,100.0,0.4633286952972412,0.001200103759765625,0.5810264465136757,0.33759173154830935,0.1448838619418791
173.0,0.005,7.0,50.0,200.0,0.45889692306518554,0.0014015674591064454,0.5910942211950906,0.34939237833023074,0.1143396482322242
174.0,0.005,7.0,50.0,500.0,0.5530474185943604,0.0010008811950683594,0.7682639011785073,0.5902294218540192,-0.4926352092419119
175.0,0.005,7.0,50.0,1000.0,0.5554400444030761,0.0012010574340820313,0.56051197541483,0.31417367458343504,0.20430355770660444
176.0,0.005,7.0,100.0,100.0,1.068984079360962,0.001702117919921875,0.5646395998948978,0.31881787776947024,0.19238384503708664
177.0,0.005,7.0,100.0,200.0,0.968503475189209,0.0020449161529541016,0.5542638907320065,0.3072084605693817,0.22178951932359103
178.0,0.005,7.0,100.0,500.0,1.2227115631103516,0.002001667022705078,0.5583986114896627,0.31180900931358335,0.209620594921196
179.0,0.005,7.0,100.0,1000.0,0.8830859661102295,0.002000713348388672,0.5579769650732893,0.31133829355239867,0.2116539888863124
180.0,0.005,9.0,5.0,100.0,0.37699289321899415,0.0005993366241455079,0.6315016934031588,0.3987943887710571,-0.018959345891820335
181.0,0.005,9.0,5.0,200.0,0.3821070194244385,0.00020017623901367188,0.5836914910068614,0.34069575667381286,0.1355801076064303
182.0,0.005,9.0,5.0,500.0,0.23652324676513672,0.0008009433746337891,0.5876050388505758,0.34527968168258666,0.12387945846513207
183.0,0.005,9.0,5.0,1000.0,0.3995949745178223,0.0008008480072021484,0.5571385134538115,0.3104033231735229,0.21354915749405007
184.0,0.005,9.0,10.0,100.0,0.23623857498168946,0.0006004810333251953,0.5809400788445406,0.337491375207901,0.14597583909643316
185.0,0.005,9.0,10.0,200.0,0.20721788406372071,0.0004004001617431641,0.5946447657567197,0.353602397441864,0.10308756074852318
186.0,0.005,9.0,10.0,500.0,0.27856926918029784,0.0008008480072021484,0.5554607696603772,0.3085366666316986,0.21848906397448378
187.0,0.005,9.0,10.0,1000.0,0.3189994812011719,0.00020022392272949218,0.5992635170578221,0.3591167628765106,0.09027470444883712
188.0,0.005,9.0,20.0,100.0,0.23674988746643066,0.0006004810333251953,0.5599502791317423,0.3135443150997162,0.20521797230777264
189.0,0.005,9.0,20.0,200.0,0.30052814483642576,0.0010009288787841796,0.5644640541998526,0.31861966848373413,0.1939464914178923
190.0,0.005,9.0,20.0,500.0,0.2979742050170898,0.0008008956909179687,0.5667538595669734,0.32120993733406067,0.18509918311760581
191.0,0.005,9.0,20.0,1000.0,0.26891913414001467,0.0012010574340820313,0.5651951278632438,0.3194455325603485,0.1909773911112195
192.0,0.005,9.0,50.0,100.0,0.4506386280059814,0.0010007858276367188,0.5616679023998865,0.31547083258628844,0.19964371048070467
193.0,0.005,9.0,50.0,200.0,0.5079569339752197,0.0014012813568115234,0.5597387037172402,0.3133074164390564,0.20708488570724795
194.0,0.005,9.0,50.0,500.0,0.44444713592529295,0.0010006427764892578,0.5628661871111535,0.3168183445930481,0.19680011977715778
195.0,0.005,9.0,50.0,1000.0,0.47062835693359373,0.0014013290405273438,0.5640860608112392,0.3181930840015411,0.19377402942142763
196.0,0.005,9.0,100.0,100.0,0.801767635345459,0.0026029109954833984,0.5514549193680707,0.30410252809524535,0.22954937331255182
197.0,0.005,9.0,100.0,200.0,1.080556869506836,0.0024076461791992187,0.5540118118225053,0.30692908763885496,0.22253740273057399
198.0,0.005,9.0,100.0,500.0,0.9381836891174317,0.00200653076171875,0.5575660054088424,0.31087985038757326,0.21250672536708431
199.0,0.005,9.0,100.0,1000.0,0.9500207901000977,0.00220489501953125,0.551081225364011,0.3036905169487,0.23062898062357165
200.0,0.005,11.0,5.0,100.0,0.3402251720428467,0.00040035247802734376,0.61723849894677,0.3809833645820618,0.03675341777249277
201.0,0.005,11.0,5.0,200.0,0.2623589515686035,0.0008006572723388671,0.5743449792498531,0.3298721551895142,0.16613174985258997
202.0,0.005,11.0,5.0,500.0,0.3658137321472168,0.0006001949310302735,0.5570613676385147,0.31031736731529236,0.2133540586175196
203.0,0.005,11.0,5.0,1000.0,0.4837180614471436,0.0007988929748535157,0.568204096920882,0.32285589575767515,0.18028402109932962
204.0,0.005,11.0,10.0,100.0,0.37232747077941897,0.0006006717681884766,0.5514261136540235,0.30407075881958007,0.22962729997901415
205.0,0.005,11.0,10.0,200.0,0.2960545539855957,0.0008006572723388671,0.5556158383432624,0.3087089598178864,0.21754469824889894
206.0,0.005,11.0,10.0,500.0,0.3119415283203125,0.001000833511352539,0.5558617319042344,0.30898226499557496,0.21673830607669514
207.0,0.005,11.0,10.0,1000.0,0.2840584754943848,0.0008008003234863282,0.5626992932238088,0.316630494594574,0.19769290945730533
208.0,0.005,11.0,20.0,100.0,0.26917219161987305,0.0010010719299316407,0.5566112470403399,0.30981608033180236,0.21531190534542252
209.0,0.005,11.0,20.0,200.0,0.32326531410217285,0.0010008811950683594,0.5506473892630801,0.3032125473022461,0.2317707907938346
210.0,0.005,11.0,20.0,500.0,0.30840106010437013,0.0007995128631591797,0.5572634989907683,0.3105426073074341,0.2128014957264493
211.0,0.005,11.0,20.0,1000.0,0.3427682876586914,0.0008019447326660156,0.5638870727288492,0.31796863079071047,0.19391428267023708
212.0,0.005,11.0,50.0,100.0,0.51064133644104,0.0012011051177978516,0.5535663018890167,0.3064356505870819,0.22388480745089376
213.0,0.005,11.0,50.0,200.0,0.5423869609832763,0.0014014720916748046,0.558438793110431,0.31185388565063477,0.20980435837319256
214.0,0.005,11.0,50.0,500.0,0.5238563060760498,0.0014010429382324218,0.5593025085958379,0.3128192961215973,0.20704943465618939
215.0,0.005,11.0,50.0,1000.0,0.5052842617034912,0.0012010574340820313,0.5588122174059946,0.31227109432220457,0.20885031495701273
216.0,0.005,11.0,100.0,100.0,1.1052069664001465,0.0023990631103515624,0.5542357794847723,0.30717729926109316,0.22133318743292865
217.0,0.005,11.0,100.0,200.0,1.1110933780670167,0.002402210235595703,0.5562878692251999,0.30945619344711306,0.21631163605115056
218.0,0.005,11.0,100.0,500.0,1.1253968238830567,0.0026024818420410157,0.5568120484996305,0.31003965735435485,0.2152979279158528
219.0,0.005,11.0,100.0,1000.0,0.8785305976867676,0.0026020050048828126,0.556652398235898,0.30986189246177676,0.2152779231807279
220.0,0.005,13.0,5.0,100.0,0.38242573738098146,0.001000833511352539,0.6870888477618482,0.4720910847187042,-0.21564739529432186
221.0,0.005,13.0,5.0,200.0,0.3430201530456543,0.0008006572723388671,0.588582110632924,0.34642890095710754,0.12404886802069107
222.0,0.005,13.0,5.0,500.0,0.35609121322631837,0.000600433349609375,0.5546435593944571,0.3076294779777527,0.22040474231180696
223.0,0.005,13.0,5.0,1000.0,0.6025213241577149,0.0006004810333251953,0.5886480122813184,0.34650648236274717,0.12191807120120857
224.0,0.005,13.0,10.0,100.0,0.3507214546203613,0.001001453399658203,0.5603281637833037,0.3139676511287689,0.2044433179220686
225.0,0.005,13.0,10.0,200.0,0.39223670959472656,0.0008008003234863282,0.5533205462561968,0.30616362690925597,0.22436827526942177
226.0,0.005,13.0,10.0,500.0,0.43030781745910646,0.0011056900024414063,0.5546357735169313,0.3076208412647247,0.2207780311916007
227.0,0.005,13.0,10.0,1000.0,0.32163381576538086,0.0010009288787841796,0.5543703112570605,0.3073264420032501,0.22162593310429224
228.0,0.005,13.0,20.0,100.0,0.289867639541626,0.0008006095886230469,0.5578691651442814,0.3112180054187775,0.21194288629769914
229.0,0.005,13.0,20.0,200.0,0.3443131923675537,0.0010008811950683594,0.5573395687681139,0.3106273949146271,0.21259503733594495
230.0,0.005,13.0,20.0,500.0,0.37488765716552735,0.0010009765625,0.5562967409362451,0.30946606397628784,0.21644558632106675
231.0,0.005,13.0,20.0,1000.0,0.40696234703063966,0.0010009288787841796,0.5641315111544838,0.31824436187744143,0.19307271734907444
232.0,0.005,13.0,50.0,100.0,0.5849741935729981,0.0015985965728759766,0.5500388749428903,0.30254276394844054,0.23354665310492323
233.0,0.005,13.0,50.0,200.0,0.5534111499786377,0.001703023910522461,0.5606280809655899,0.31430384516716003,0.2037059338974901
234.0,0.005,13.0,50.0,500.0,0.5164378643035888,0.0016013622283935548,0.5576372881204325,0.31095934510231016,0.2112092617977234
235.0,0.005,13.0,50.0,1000.0,0.5559153079986572,0.001401233673095703,0.5528121893468386,0.30560131669044494,0.22566715021181388
236.0,0.005,13.0,100.0,100.0,1.270544672012329,0.0030007362365722656,0.5562467660702769,0.30941046476364137,0.2158372157281066
237.0,0.005,13.0,100.0,200.0,1.0088212013244628,0.0032027244567871095,0.5541799452871088,0.30711541175842283,0.22217903668217548
238.0,0.005,13.0,100.0,500.0,0.892997407913208,0.002905416488647461,0.5581861382603333,0.3115717649459839,0.21057131693217399
239.0,0.005,13.0,100.0,1000.0,1.0462865829467773,0.00280146598815918,0.5503831493338371,0.3029216110706329,0.23255458172974194
240.0,0.001,3.0,5.0,100.0,0.2365182876586914,0.0008007526397705078,1.8181505700021667,3.3056714951992037,-7.352865651411497
241.0,0.001,3.0,5.0,200.0,0.3803835868835449,0.0007992744445800781,0.595562472388781,0.35469465851783755,0.10272556585490074
242.0,0.001,3.0,5.0,500.0,0.42616095542907717,0.0006004810333251953,0.6416171369592887,0.4116725504398346,-0.04252295002960382
243.0,0.001,3.0,5.0,1000.0,0.5620480537414551,0.0,1.216488765203712,1.4798449158668519,-2.7472593499413795
244.0,0.001,3.0,10.0,100.0,0.2753025531768799,0.0010039806365966797,0.7055729870340814,0.49783324003219603,-0.25046129369574965
245.0,0.001,3.0,10.0,200.0,0.38454456329345704,0.00040030479431152344,0.7800952388011282,0.6085485816001892,-0.5424610449239806
246.0,0.001,3.0,10.0,500.0,0.40424175262451173,0.00020012855529785156,0.6375164674988157,0.4064272463321686,-0.030540424320718684
247.0,0.001,3.0,10.0,1000.0,0.3139993667602539,0.000399017333984375,1.079970323035671,1.1663358986377717,-1.9519360508909565
248.0,0.001,3.0,20.0,100.0,0.25347170829772947,0.001001119613647461,1.1935197638132575,1.424489426612854,-2.6064604489404752
249.0,0.001,3.0,20.0,200.0,0.2849679470062256,0.0006004810333251953,1.3376674939389162,1.7893543243408203,-3.5085045063960854
250.0,0.001,3.0,20.0,500.0,0.28477187156677247,0.0006005287170410157,0.8254555773690403,0.6813769102096557,-0.7275205168636492
251.0,0.001,3.0,20.0,1000.0,0.3485011100769043,0.0006006240844726562,1.5575364257539142,2.425919717550278,-5.141466724526679
252.0,0.001,3.0,50.0,100.0,0.35515408515930175,0.00099945068359375,1.8574510782635627,3.4501245081424714,-7.730588614444192
253.0,0.001,3.0,50.0,200.0,0.4223162174224854,0.0004002571105957031,1.0400032030111288,1.081606662273407,-1.7225090795144333
254.0,0.001,3.0,50.0,500.0,0.438094425201416,0.00040030479431152344,0.7932622018916166,0.6292649209499359,-0.5887812481624989
255.0,0.001,3.0,50.0,1000.0,0.39127626419067385,0.0008009433746337891,1.1185612828370157,1.2511793434619904,-2.167244607132436
256.0,0.001,3.0,100.0,100.0,0.5591448307037353,0.0012007713317871093,0.9145666932668329,0.8364322364330292,-1.1255771952173315
257.0,0.001,3.0,100.0,200.0,0.659506368637085,0.0008008003234863282,1.3082728798176066,1.7115779280662538,-3.3431131472654187
258.0,0.001,3.0,100.0,500.0,0.5939451217651367,0.0008007049560546875,1.3260184220311664,1.7583248555660247,-3.4525574583597747
259.0,0.001,3.0,100.0,1000.0,0.6382132053375245,0.0010007381439208984,1.155204880551314,1.3344983160495758,-2.3511108652931645
260.0,0.001,5.0,5.0,100.0,0.30719728469848634,0.0004002094268798828,0.6117615159871795,0.37425215244293214,0.05468852067866026
261.0,0.001,5.0,5.0,200.0,0.5092361450195313,0.0008032798767089843,0.6018015943706407,0.36216515898704527,0.08189017527967428
262.0,0.001,5.0,5.0,500.0,0.6220259189605712,0.0006001949310302735,0.7557623946397211,0.5711767971515656,-0.4464101647113563
263.0,0.001,5.0,5.0,1000.0,0.5374946594238281,0.00040178298950195314,0.5635793714431533,0.31762170791625977,0.19552102929367718
264.0,0.001,5.0,10.0,100.0,0.3267066955566406,0.0006006717681884766,0.629681705041161,0.3964990496635437,-0.003273507854094482
265.0,0.001,5.0,10.0,200.0,0.4618103504180908,0.000800466537475586,0.6841668348006283,0.46808425784111024,-0.18512939908644732
266.0,0.001,5.0,10.0,500.0,0.5964278697967529,0.0006005287170410157,0.5937951321765631,0.35259265899658204,0.10670517660418755
267.0,0.001,5.0,10.0,1000.0,0.37768402099609377,0.00020017623901367188,0.6056079384572595,0.36676097512245176,0.0701152167248095
268.0,0.001,5.0,20.0,100.0,0.282056999206543,0.0008008003234863282,0.9105856017817049,0.8291661381721497,-1.1000879183400536
269.0,0.001,5.0,20.0,200.0,0.26479301452636717,0.00040044784545898435,0.6388327766278027,0.408107316493988,-0.03335587859785758
270.0,0.001,5.0,20.0,500.0,0.22408242225646974,0.0007990837097167969,0.7339935854363862,0.5387465834617615,-0.36965368729752296
271.0,0.001,5.0,20.0,1000.0,0.2196281909942627,0.00039958953857421875,0.6109243015902703,0.3732285022735596,0.05255262828463334
272.0,0.001,5.0,50.0,100.0,0.37171063423156736,0.0006005287170410157,0.6382344979354647,0.40734327435493467,-0.03215261581016189
273.0,0.001,5.0,50.0,200.0,0.44043636322021484,0.0009995460510253905,0.6488820310243687,0.42104789018630984,-0.0712998317979644
274.0,0.001,5.0,50.0,500.0,0.369078540802002,0.0008007049560546875,0.710115762695817,0.5042643964290618,-0.2786266855850035
275.0,0.001,5.0,50.0,1000.0,0.3880174160003662,0.0008021831512451172,0.9514360284303393,0.9052305161952973,-1.291278224680601
276.0,0.001,5.0,100.0,100.0,0.7537400245666503,0.0014013290405273438,0.7533390144714853,0.5675196707248688,-0.4448921652904188
277.0,0.001,5.0,100.0,200.0,0.6956133365631103,0.0011016845703125,0.9775359314707366,0.9555764973163605,-1.4220258505324872
278.0,0.001,5.0,100.0,500.0,0.6069777965545654,0.0014012813568115234,1.02216398486732,1.044819211959839,-1.6442952004660776
279.0,0.001,5.0,100.0,1000.0,0.7067245006561279,0.0014013290405273438,0.9377796868517152,0.879430741071701,-1.2133254796018333
280.0,0.001,7.0,5.0,100.0,0.42270236015319823,0.0008009910583496094,2.4601425279541713,6.05230125784874,-13.95475733263036
281.0,0.001,7.0,5.0,200.0,0.3484222888946533,0.0004004001617431641,0.5669011709529205,0.32137693762779235,0.18611482233376636
282.0,0.001,7.0,5.0,500.0,0.3020177364349365,0.0006006240844726562,0.5846560337931384,0.3418226778507233,0.13246775595161814
283.0,0.001,7.0,5.0,1000.0,0.5950691223144531,0.0006005287170410157,0.58259717834672,0.3394194722175598,0.13886014159698556
284.0,0.001,7.0,10.0,100.0,0.4176339626312256,0.0005983352661132812,0.668828382087643,0.4473314046859741,-0.13620452948623218
285.0,0.001,7.0,10.0,200.0,0.36585440635681155,0.0006004810333251953,0.575679188226954,0.3314065277576447,0.15911709614156708
286.0,0.001,7.0,10.0,500.0,0.4262948989868164,0.0006005287170410157,0.7070749806742683,0.49995502829551697,-0.2658397666466188
287.0,0.001,7.0,10.0,1000.0,0.34026784896850587,0.0008007049560546875,0.5894916670973083,0.3475004255771637,0.11960947522164771
288.0,0.001,7.0,20.0,100.0,0.26480603218078613,0.00020022392272949218,0.6494354565760544,0.4217664122581482,-0.06374690437988854
289.0,0.001,7.0,20.0,200.0,0.2346933364868164,0.0,0.6151774449726685,0.3784432888031006,0.0433470242381645
290.0,0.001,7.0,20.0,500.0,0.2703433036804199,0.0006005764007568359,0.5950278234788343,0.35405811071395876,0.10199047546545961
291.0,0.001,7.0,20.0,1000.0,0.29501166343688967,0.0004964351654052734,0.6947491839192345,0.48267642855644227,-0.22271708108078414
292.0,0.001,7.0,50.0,100.0,0.45525197982788085,0.0010009288787841796,0.6553077336303086,0.4294282257556915,-0.0895827730402915
293.0,0.001,7.0,50.0,200.0,0.5581333637237549,0.0010007381439208984,1.1169583652509756,1.247595989704132,-2.1622469025391653
294.0,0.001,7.0,50.0,500.0,0.49310784339904784,0.0010009288787841796,0.8937568177450009,0.7988012492656708,-1.0308952751553062
295.0,0.001,7.0,50.0,1000.0,0.5520501613616944,0.0010010242462158204,0.6833767617389417,0.4670037984848022,-0.18302937021465918
296.0,0.001,7.0,100.0,100.0,1.0737587928771972,0.0015017986297607422,0.6479658870665971,0.419859790802002,-0.06224584282921479
297.0,0.001,7.0,100.0,200.0,1.0540829658508302,0.0016014575958251953,0.6451286414224188,0.4161909639835358,-0.05994164801778261
298.0,0.001,7.0,100.0,500.0,0.9895086288452148,0.0020018577575683593,0.6103748726017538,0.3725574851036072,0.05323366489273655
299.0,0.001,7.0,100.0,1000.0,1.1535853385925292,0.001598501205444336,0.6447048207857939,0.41564430594444274,-0.054974002814809485
300.0,0.001,9.0,5.0,100.0,0.542925214767456,0.0008007049560546875,1.3011110867055002,1.6928900599479675,-3.4111309322713312
301.0,0.001,9.0,5.0,200.0,0.6580273628234863,0.0004004001617431641,0.5599429608996433,0.3135361194610596,0.20607788628852566
302.0,0.001,9.0,5.0,500.0,0.41008858680725097,0.0006006717681884766,0.5670795831923007,0.32157925367355344,0.18366957136150974
303.0,0.001,9.0,5.0,1000.0,0.5984592437744141,0.0006003379821777344,0.5752396623129358,0.3309006690979004,0.1635140916160694
304.0,0.001,9.0,10.0,100.0,0.4068192958831787,0.0008007049560546875,0.5694621971769466,0.32428719401359557,0.17929900340080024
305.0,0.001,9.0,10.0,200.0,0.44352293014526367,0.0004021167755126953,0.5826431437435396,0.339473032951355,0.14010083533057716
306.0,0.001,9.0,10.0,500.0,0.4099884986877441,0.0004005908966064453,0.5849415312590515,0.34215659499168394,0.13036134998211935
307.0,0.001,9.0,10.0,1000.0,0.3774223804473877,0.0006006240844726562,0.575703689962134,0.33143473863601686,0.15955635095821627
308.0,0.001,9.0,20.0,100.0,0.2995771884918213,0.0008008480072021484,0.5933691861494841,0.35208699107170105,0.1083715194555537
309.0,0.001,9.0,20.0,200.0,0.3728955268859863,0.0008006095886230469,0.5968169408791392,0.35619046092033385,0.09726969016580933
310.0,0.001,9.0,20.0,500.0,0.36468000411987306,0.0008006572723388671,0.5733778524949494,0.32876216173171996,0.1665239801827532
311.0,0.001,9.0,20.0,1000.0,0.3189821720123291,0.0006890773773193359,0.5751068047139,0.33074783682823183,0.16249956095953833
312.0,0.001,9.0,50.0,100.0,0.43496251106262207,0.0010008811950683594,0.5922518098883229,0.35076220631599425,0.11369941954916926
313.0,0.001,9.0,50.0,200.0,0.5287046909332276,0.0010000228881835937,0.5830611468125738,0.3399603009223938,0.13915432798680735
314.0,0.001,9.0,50.0,500.0,0.5760547161102295,0.0009965896606445312,0.5982599238980587,0.357914936542511,0.09336550866717244
315.0,0.001,9.0,50.0,1000.0,0.5519794464111328,0.001000833511352539,0.6422373833506617,0.41246885657310484,-0.04468203103830122
316.0,0.001,9.0,100.0,100.0,1.1252383232116698,0.0020020008087158203,0.5987397787539704,0.3584893226623535,0.0912235594040687
317.0,0.001,9.0,100.0,200.0,1.0779098987579345,0.0022019863128662108,0.5546688452794009,0.307657527923584,0.22063588530579495
318.0,0.001,9.0,100.0,500.0,0.9112913131713867,0.0020009517669677735,0.5950478974465708,0.35408200025558473,0.10413189906622904
319.0,0.001,9.0,100.0,1000.0,1.0489508152008056,0.002001953125,0.5959329280667894,0.3551360547542572,0.10148407011905372
320.0,0.001,11.0,5.0,100.0,0.5761740684509278,0.00040044784545898435,1.7934975752180016,3.216633552312851,-7.096223860133023
321.0,0.001,11.0,5.0,200.0,0.7293549060821534,0.000600433349609375,0.5549481384000032,0.30796743631362916,0.21981403410028105
322.0,0.001,11.0,5.0,500.0,0.6887588500976562,0.00040044784545898435,0.5797735834083096,0.3361374080181122,0.14881550584335165
323.0,0.001,11.0,5.0,1000.0,0.5578837394714355,0.0010009288787841796,0.5587255522480684,0.31217424273490907,0.2083980322249414
324.0,0.001,11.0,10.0,100.0,0.4350860595703125,0.0010007858276367188,0.5614375730461609,0.31521214842796325,0.20158914510970233
325.0,0.001,11.0,10.0,200.0,0.7026508808135986,0.0008007526397705078,1.075903857411769,1.1575691103935242,-1.9325455933929079
326.0,0.001,11.0,10.0,500.0,0.5066372871398925,0.0008006572723388671,0.5822650107172299,0.3390325427055359,0.13779281047841435
327.0,0.001,11.0,10.0,1000.0,0.4417670249938965,0.001000833511352539,0.5624791989189122,0.3163828492164612,0.19812646440159967
328.0,0.001,11.0,20.0,100.0,0.419879674911499,0.0007576942443847656,0.5655205740875064,0.3198135197162628,0.19004568111892461
329.0,0.001,11.0,20.0,200.0,0.3574530601501465,0.000997304916381836,0.6338136876851886,0.4017197906970978,-0.01761580366637938
330.0,0.001,11.0,20.0,500.0,0.42969450950622556,0.000600433349609375,0.5743017123748635,0.3298224568367004,0.16365651717908056
331.0,0.001,11.0,20.0,1000.0,0.3444711208343506,0.0010007381439208984,0.5764763961634799,0.33232503533363345,0.15699123705754717
332.0,0.001,11.0,50.0,100.0,0.5250122547149658,0.0014073371887207032,0.5838408073600645,0.3408700883388519,0.13860564373802625
333.0,0.001,11.0,50.0,200.0,0.6138361930847168,0.0014011859893798828,0.5937968185437225,0.3525946617126465,0.10577257160707661
334.0,0.001,11.0,50.0,500.0,0.5871672630310059,0.0014013290405273438,0.5723379408416327,0.3275707185268402,0.1705112975092805
335.0,0.001,11.0,50.0,1000.0,0.692911434173584,0.0012009143829345703,0.5597734225808818,0.3133462846279144,0.2062741791950864
336.0,0.001,11.0,100.0,100.0,0.9045275211334228,0.0026025295257568358,0.5667277088198651,0.3211802959442139,0.18610008317734025
337.0,0.001,11.0,100.0,200.0,1.2265691757202148,0.002991342544555664,0.5802776211973281,0.3367221176624298,0.14716953647529002
338.0,0.001,11.0,100.0,500.0,1.241511631011963,0.0024021625518798827,0.5578150997582128,0.3111576855182648,0.21156062747956056
339.0,0.001,11.0,100.0,1000.0,1.1969943046569824,0.002601909637451172,0.5757122210631591,0.33144456148147583,0.15927002525460132
340.0,0.001,13.0,5.0,100.0,0.4754498958587646,0.000600433349609375,0.6148740167208613,0.37807005643844604,0.04277223769758505
341.0,0.001,13.0,5.0,200.0,0.5575329780578613,0.0010009765625,0.5851513382383401,0.34240208864212035,0.1351590897396159
342.0,0.001,13.0,5.0,500.0,0.6684619426727295,0.0010009288787841796,0.5856291201028245,0.3429614663124084,0.13362131546172443
343.0,0.001,13.0,5.0,1000.0,0.6471014022827148,0.0010008811950683594,0.5929124848179663,0.35154521465301514,0.10797555320771042
344.0,0.001,13.0,10.0,100.0,0.6809430122375488,0.0005022525787353515,0.5561711791267655,0.3093263804912567,0.2162548749616585
345.0,0.001,13.0,10.0,200.0,0.6243051528930664,0.0010003089904785157,0.5607641138076987,0.3144563913345337,0.20244171905932382
346.0,0.001,13.0,10.0,500.0,0.5849553108215332,0.0007998466491699219,0.5588175238701447,0.3122770249843597,0.2088187383020715
347.0,0.001,13.0,10.0,1000.0,0.5351743698120117,0.0008007526397705078,0.5649074798129978,0.3191204607486725,0.19130768699223444
348.0,0.001,13.0,20.0,100.0,0.3435834407806396,0.0010009765625,0.5643509188189901,0.3184919595718384,0.1924381919355987
349.0,0.001,13.0,20.0,200.0,0.41368680000305175,0.0001983642578125,0.5646028999748034,0.31877643465995786,0.19171447171727676
350.0,0.001,13.0,20.0,500.0,0.5217668533325195,0.0008006572723388671,0.5784363398032812,0.3345885992050171,0.15273944868141956
351.0,0.001,13.0,20.0,1000.0,0.42409319877624513,0.0008006572723388671,0.5588204784022148,0.3122803270816803,0.20921297627812718
352.0,0.001,13.0,50.0,100.0,0.7541085243225097,0.0014011859893798828,0.5751547884954917,0.33080303072929385,0.16300834484608856
353.0,0.001,13.0,50.0,200.0,0.7149046421051025,0.0013995647430419921,0.5737016022907667,0.32913352847099303,0.1655811903439742
354.0,0.001,13.0,50.0,500.0,0.8262368202209472,0.0016013145446777343,0.5665030035055458,0.32092565298080444,0.18597334558888431
355.0,0.001,13.0,50.0,1000.0,0.7234448909759521,0.0013993740081787109,0.5657555413693295,0.3200793325901031,0.189900152489201
356.0,0.001,13.0,100.0,100.0,1.1513882637023927,0.0030028820037841797,0.564909838006291,0.3191231250762939,0.1915742084178023
357.0,0.001,13.0,100.0,200.0,1.2815840721130372,0.003032875061035156,0.558745874351273,0.3121969521045685,0.2093728268205508
358.0,0.001,13.0,100.0,500.0,1.1348910331726074,0.0034030914306640626,0.5563703181837497,0.30954793095588684,0.21576017954154092
359.0,0.001,13.0,100.0,1000.0,1.2049107074737548,0.003097677230834961,0.5527476817979169,0.3055299997329712,0.22591840060288826
360.0,0.0005,3.0,5.0,100.0,0.2691213130950928,0.0004002571105957031,3.350502582826289,11.225867557525635,-27.475920697347526
361.0,0.0005,3.0,5.0,200.0,0.4938205718994141,0.0006006240844726562,0.7160619268102917,0.5127446830272675,-0.2973948007568238
362.0,0.0005,3.0,5.0,500.0,0.7925450801849365,0.0004004955291748047,0.6133414366521972,0.3761877179145813,0.04483370265942699
363.0,0.0005,3.0,5.0,1000.0,1.0128113269805907,0.0004015922546386719,0.6333397258469394,0.40111920833587644,-0.015344717143058673
364.0,0.0005,3.0,10.0,100.0,0.28964834213256835,0.0008009433746337891,1.614890159453102,2.607870227098465,-5.590602782266783
365.0,0.0005,3.0,10.0,200.0,0.5293741226196289,0.0,1.05103630742552,1.1046773195266724,-1.7929169237231044
366.0,0.0005,3.0,10.0,500.0,0.5017001628875732,0.0008023738861083985,1.0998643704809103,1.2097016334533692,-2.1421204488286807
367.0,0.0005,3.0,10.0,1000.0,0.811180305480957,0.0006005764007568359,1.440060067033333,2.0737729966640472,-4.2507944683505965
368.0,0.0005,3.0,20.0,100.0,0.3142967700958252,0.0008008003234863282,0.7402928633720376,0.5480335235595704,-0.3767826700060205
369.0,0.0005,3.0,20.0,200.0,0.38422694206237795,0.0008006572723388671,0.9267319960058352,0.8588321924209594,-1.1685619088825667
370.0,0.0005,3.0,20.0,500.0,0.3663691520690918,0.00020008087158203126,1.1453201205219958,1.311758178472519,-2.322141079233454
371.0,0.0005,3.0,20.0,1000.0,0.5911528110504151,0.0005994796752929688,1.1467488362406415,1.3150328934192657,-2.330641194733445
372.0,0.0005,3.0,50.0,100.0,0.40723495483398436,0.0006002902984619141,1.4316626116429116,2.0496578335762026,-4.189679180095988
373.0,0.0005,3.0,50.0,200.0,0.5003822803497314,0.00020017623901367188,0.9912393319709195,0.9825554132461548,-1.4896184171808542
374.0,0.0005,3.0,50.0,500.0,0.45985875129699705,0.00040035247802734376,1.4806156578751497,2.1922227263450624,-4.550067505878232
375.0,0.0005,3.0,50.0,1000.0,0.4953608512878418,0.000400543212890625,0.680414368025414,0.4629637122154236,-0.17113422259812192
376.0,0.0005,3.0,100.0,100.0,0.5921192169189453,0.0009996414184570313,0.9571310123684709,0.9160997748374939,-1.3298416816953418
377.0,0.0005,3.0,100.0,200.0,0.7560148239135742,0.0009989738464355469,0.9220367419065241,0.8501517534255981,-1.1503818526872382
378.0,0.0005,3.0,100.0,500.0,0.6521443843841552,0.0008007526397705078,1.0151746367565082,1.0305795431137086,-1.6278926935228313
379.0,0.0005,3.0,100.0,1000.0,0.5209226131439209,0.0012026786804199218,1.9771549000531274,3.9091414988040922,-8.93621044434487
380.0,0.0005,5.0,5.0,100.0,0.35484838485717773,0.0008006572723388671,0.7824900322727155,0.6122906506061554,-0.5649945244846584
381.0,0.0005,5.0,5.0,200.0,0.6711901187896728,0.0008006572723388671,1.7474108496834178,3.0534446775913238,-6.747911097145132
382.0,0.0005,5.0,5.0,500.0,0.6383742809295654,0.00040035247802734376,0.576054768703613,0.3318390965461731,0.15938123603074025
383.0,0.0005,5.0,5.0,1000.0,1.0867732524871827,0.00020008087158203126,0.5743733515835125,0.32990474700927735,0.16451431652274268
384.0,0.0005,5.0,10.0,100.0,0.37717533111572266,0.0008008480072021484,0.6441587076604295,0.41494044065475466,-0.04825549022964193
385.0,0.0005,5.0,10.0,200.0,0.4445648193359375,0.0004002571105957031,0.5769602667302596,0.33288314938545227,0.15445593369950095
386.0,0.0005,5.0,10.0,500.0,0.4899643898010254,0.0006004810333251953,0.6215079839551133,0.38627217411994935,0.021589847340079717
387.0,0.0005,5.0,10.0,1000.0,0.41484599113464354,0.00040035247802734376,0.5824404462159976,0.3392368733882904,0.13963181716937204
388.0,0.0005,5.0,20.0,100.0,0.3504475116729736,0.0005994796752929688,0.5878033544710121,0.34551278352737425,0.12396664330283536
389.0,0.0005,5.0,20.0,200.0,0.41895084381103515,0.0010009288787841796,0.6601063816715027,0.4357404351234436,-0.10042202456659673
390.0,0.0005,5.0,20.0,500.0,0.39077258110046387,0.0,0.5815463049189964,0.33819610476493833,0.14319665287066838
391.0,0.0005,5.0,20.0,1000.0,0.3688960552215576,0.0005996227264404297,1.0586281408375275,1.1206935405731202,-1.8382464992241438
392.0,0.0005,5.0,50.0,100.0,0.4187164783477783,0.0008006095886230469,0.801351282946047,0.6421638786792755,-0.6131127306150624
393.0,0.0005,5.0,50.0,200.0,0.45062856674194335,0.0010023117065429688,1.046561700997741,1.095291393995285,-1.7743817891342464
394.0,0.0005,5.0,50.0,500.0,0.46034946441650393,0.0009981632232666016,0.9299166356942005,0.8647449493408204,-1.1907902264620192
395.0,0.0005,5.0,50.0,1000.0,0.4994648933410645,0.0010010242462158204,1.062368250139479,1.128626298904419,-1.8611818890134004
396.0,0.0005,5.0,100.0,100.0,0.778261375427246,0.0012011528015136719,1.240725891757606,1.5394007384777069,-2.9213912652126166
397.0,0.0005,5.0,100.0,200.0,0.6856307983398438,0.001199483871459961,1.3221106524349435,1.747976577281952,-3.432329692057364
398.0,0.0005,5.0,100.0,500.0,0.594374704360962,0.001199626922607422,1.214668678351815,1.4754199981689453,-2.773918477518986
399.0,0.0005,5.0,100.0,1000.0,0.8848510265350342,0.0012085914611816406,0.9711091234458753,0.9430529296398162,-1.3832071661717376
400.0,0.0005,7.0,5.0,100.0,0.4549060344696045,0.0006075382232666015,2.4423141903028336,5.964898604154587,-14.074472012718743
401.0,0.0005,7.0,5.0,200.0,0.8018540382385254,0.0010008811950683594,1.755137353437266,3.080507129430771,-6.800205110450778
402.0,0.0005,7.0,5.0,500.0,0.8812920570373535,0.0006006240844726562,0.5953256680691769,0.3544126510620117,0.1002824733912127
403.0,0.0005,7.0,5.0,1000.0,0.6692994594573974,0.0008005619049072266,0.6114242721853382,0.3738396406173706,0.05290090286936229
404.0,0.0005,7.0,10.0,100.0,0.4681082725524902,0.0006006717681884766,0.5843894548719332,0.34151103496551516,0.13496632006707593
405.0,0.0005,7.0,10.0,200.0,0.5213837623596191,0.0006006240844726562,0.5810616321308999,0.33763262033462527,0.14632387330341218
406.0,0.0005,7.0,10.0,500.0,0.522605037689209,0.0005992412567138672,0.5949147194565418,0.35392352342605593,0.1047905751994408
407.0,0.0005,7.0,10.0,1000.0,0.5597773551940918,0.0010001182556152344,0.6038420550535748,0.3646252274513245,0.07510538683626825
408.0,0.0005,7.0,20.0,100.0,0.37307076454162597,0.0004004001617431641,0.688825664344971,0.4744807958602905,-0.201163400974736
409.0,0.0005,7.0,20.0,200.0,0.38211736679077146,0.0008007526397705078,1.0025738167400802,1.0051542580127717,-1.545551218642001
410.0,0.0005,7.0,20.0,500.0,0.32921977043151857,0.0006006240844726562,0.6141576348688356,0.3771896004676819,0.04708086666851965
411.0,0.0005,7.0,20.0,1000.0,0.40105586051940917,0.0008008003234863282,0.6088654857809219,0.37071717977523805,0.06155857531277986
412.0,0.0005,7.0,50.0,100.0,0.3971917152404785,0.0010008811950683594,0.8101310784927515,0.6563123643398285,-0.6538970001761611
413.0,0.0005,7.0,50.0,200.0,0.4479812145233154,0.0014027595520019532,1.0669836528226557,1.1384541153907777,-1.8887423799274732
414.0,0.0005,7.0,50.0,500.0,0.5231716156005859,0.0011013507843017577,0.6896564994174423,0.4756260871887207,-0.2029126950297963
415.0,0.0005,7.0,50.0,1000.0,0.5242274284362793,0.0012067794799804688,0.9245838969192977,0.8548553824424744,-1.2194917061448756
416.0,0.0005,7.0,100.0,100.0,1.1263186931610107,0.0016016006469726563,0.6003182759123773,0.3603820323944092,0.08578144714063558
417.0,0.0005,7.0,100.0,200.0,0.9690461158752441,0.0016031742095947265,0.7020700848703785,0.4929024040699005,-0.2470233598976991
418.0,0.0005,7.0,100.0,500.0,0.8816433429718018,0.0016015052795410156,0.7403991073053275,0.548190838098526,-0.3972291426507878
419.0,0.0005,7.0,100.0,1000.0,0.7885287284851075,0.0018018245697021484,2.08587928147813,4.350892376899719,-10.046194494186244
420.0,0.0005,9.0,5.0,100.0,0.4663558483123779,0.0008007526397705078,0.6315178520053318,0.3988147974014282,-0.008875742438361733
421.0,0.0005,9.0,5.0,200.0,0.9358857631683349,0.00020017623901367188,1.2285390636349023,1.5093082308769226,-2.8232585903675513
422.0,0.0005,9.0,5.0,500.0,0.8558846950531006,0.0004002094268798828,0.5581771043675008,0.31156167984008787,0.21085602344267224
423.0,0.0005,9.0,5.0,1000.0,1.592330312728882,0.0008008480072021484,0.5817925187602592,0.33848253488540647,0.1409110274004073
424.0,0.0005,9.0,10.0,100.0,0.5029210090637207,0.0010009765625,0.6036369868352452,0.3643776118755341,0.08073813648554835
425.0,0.0005,9.0,10.0,200.0,0.5278666973114013,0.0007996082305908204,0.6211505743938984,0.38582803606987,0.025941789482891785
426.0,0.0005,9.0,10.0,500.0,0.532219934463501,0.00040035247802734376,0.5732092410860026,0.328568834066391,0.16755643388506103
427.0,0.0005,9.0,10.0,1000.0,0.5038510322570801,0.0009998798370361329,0.5669991908361995,0.32148808240890503,0.18470800796475711
428.0,0.0005,9.0,20.0,100.0,0.3578742027282715,0.0006005764007568359,0.5615955127401624,0.31538951992988584,0.20154377763078846
429.0,0.0005,9.0,20.0,200.0,0.4231584072113037,0.0009023666381835938,0.7466759372530191,0.5575249552726745,-0.4119556314798561
430.0,0.0005,9.0,20.0,500.0,0.40031824111938474,0.001000690460205078,0.8233533030828185,0.6779106616973877,-0.7175150648314974
431.0,0.0005,9.0,20.0,1000.0,0.3655071258544922,0.0010009288787841796,0.6084890380802948,0.37025890946388246,0.06157655889431442
432.0,0.0005,9.0,50.0,100.0,0.7379151821136475,0.0010008811950683594,0.7358264094128129,0.5414405047893525,-0.3724823017332594
433.0,0.0005,9.0,50.0,200.0,0.4985562801361084,0.0012024879455566407,0.666432582965518,0.44413238763809204,-0.1352798681892096
434.0,0.0005,9.0,50.0,500.0,0.5700091361999512,0.0010008811950683594,0.7709763024890154,0.5944044589996338,-0.5067342747979858
435.0,0.0005,9.0,50.0,1000.0,0.5674962043762207,0.0012013435363769532,0.6366484246295219,0.40532121658325193,-0.026204081342221498
436.0,0.0005,9.0,100.0,100.0,1.3459920406341552,0.0024022579193115233,0.6054488541810483,0.3665683150291443,0.06776095455896351
437.0,0.0005,9.0,100.0,200.0,1.0166042804718018,0.0022921085357666014,0.6046992081486984,0.36566113233566283,0.07384969381611535
438.0,0.0005,9.0,100.0,500.0,1.0023431301116943,0.0022019863128662108,0.6353464327492827,0.4036650896072388,-0.025035168826280253
439.0,0.0005,9.0,100.0,1000.0,0.9880011081695557,0.0020016193389892577,0.6090809332620725,0.3709795832633972,0.058556588435473844
440.0,0.0005,11.0,5.0,100.0,0.6348520755767822,0.000998544692993164,0.9203143600678226,0.8469785213470459,-1.1698089119527346
441.0,0.0005,11.0,5.0,200.0,0.9901185989379883,0.0010007858276367188,1.1740246574917175,1.3783338963985443,-2.491685607291367
442.0,0.0005,11.0,5.0,500.0,1.2354739665985108,0.00040030479431152344,0.5586938301544605,0.31213879585266113,0.2086431208239202
443.0,0.0005,11.0,5.0,1000.0,0.8832468032836914,0.0004004001617431641,0.5612349006049051,0.3149846136569977,0.202365237584165
444.0,0.0005,11.0,10.0,100.0,0.7238634109497071,0.0010010719299316407,0.5635483720795336,0.3175867676734924,0.1949272688567515
445.0,0.0005,11.0,10.0,200.0,0.6755415916442871,0.0008006095886230469,0.5621280659105714,0.31598796248435973,0.1992118016247345
446.0,0.0005,11.0,10.0,500.0,0.8226548671722412,0.0006004810333251953,0.6659313562504503,0.4434645712375641,-0.12352330704322653
447.0,0.0005,11.0,10.0,1000.0,0.9051759243011475,0.0008008003234863282,0.6420671837583043,0.41225026845932006,-0.04452840883567133
448.0,0.0005,11.0,20.0,100.0,0.5900590896606446,0.0012011051177978516,0.7262597058118739,0.5274531602859497,-0.33459478336066595
449.0,0.0005,11.0,20.0,200.0,0.40943236351013185,0.0008026123046875,0.6209160124579429,0.3855366945266724,0.025398500852680604
450.0,0.0005,11.0,20.0,500.0,0.4704126358032227,0.0010011672973632812,0.589091466702466,0.3470287561416626,0.11998370466983717
451.0,0.0005,11.0,20.0,1000.0,0.3962538242340088,0.000999593734741211,0.5954075164260895,0.35451011061668397,0.10281422730612463
452.0,0.0005,11.0,50.0,100.0,0.580135440826416,0.0015941143035888671,0.5957009337338027,0.3548596024513245,0.10173002773477516
453.0,0.0005,11.0,50.0,200.0,0.6903374195098877,0.001000833511352539,0.6035820785527676,0.36431132555007933,0.07714275145684538
454.0,0.0005,11.0,50.0,500.0,0.6937058925628662,0.0016004562377929688,0.5749367202270806,0.3305522322654724,0.1616060191748094
455.0,0.0005,11.0,50.0,1000.0,0.6151583194732666,0.0014013290405273438,0.6417047147699814,0.4117849409580231,-0.037885878945119744
456.0,0.0005,11.0,100.0,100.0,1.2041969299316406,0.0032029151916503906,0.5747805383906296,0.33037266731262205,0.16223124059869315
457.0,0.0005,11.0,100.0,200.0,1.1023595333099365,0.0028002262115478516,0.5961804288186252,0.3554311037063599,0.09893258670902497
458.0,0.0005,11.0,100.0,500.0,1.2677831172943115,0.0020018100738525392,0.6121655660519502,0.3747466802597046,0.05412537543331515
459.0,0.0005,11.0,100.0,1000.0,1.2463625431060792,0.002601337432861328,0.5896869324649573,0.34773067831993104,0.11814843316496049
460.0,0.0005,13.0,5.0,100.0,0.7011951446533203,0.00039930343627929686,0.5831087009159551,0.3400157570838928,0.1388179594709788
461.0,0.0005,13.0,5.0,200.0,0.9835611820220947,0.0,0.5793971936235287,0.3357011079788208,0.1516398574104348
462.0,0.0005,13.0,5.0,500.0,2.153551483154297,0.0005994319915771484,0.7483799006332066,0.5600724756717682,-0.394490983943123
463.0,0.0005,13.0,5.0,1000.0,1.0792728900909423,0.0008008003234863282,0.5758978085183577,0.33165828585624696,0.16167135265121835
464.0,0.0005,13.0,10.0,100.0,0.8488935947418212,0.0008007526397705078,0.5659900161920771,0.3203446984291077,0.18733234887629474
465.0,0.0005,13.0,10.0,200.0,0.9554928779602051,0.0003991127014160156,0.5607231049195539,0.314410400390625,0.20332240707042626
466.0,0.0005,13.0,10.0,500.0,0.6087583065032959,0.0006006240844726562,0.5598166570940316,0.31339468955993655,0.20599810689179016
467.0,0.0005,13.0,10.0,1000.0,0.8037704944610595,0.0008006095886230469,0.5642180854330742,0.3183420479297638,0.19251253363038248
468.0,0.0005,13.0,20.0,100.0,0.5214941501617432,0.000799560546875,0.5537238333140602,0.30661008358001707,0.22309481545705623
469.0,0.0005,13.0,20.0,200.0,0.580440616607666,0.0008008480072021484,0.5628195967324789,0.31676589846611025,0.19716424489667123
470.0,0.0005,13.0,20.0,500.0,0.5026668548583985,0.0010009765625,0.5682756552369692,0.3229372203350067,0.17997662164963937
471.0,0.0005,13.0,20.0,1000.0,0.4751579284667969,0.0009997367858886718,0.5661410796227048,0.3205157220363617,0.1875797560496018
472.0,0.0005,13.0,50.0,100.0,0.5960919380187988,0.001601409912109375,0.5557647184841648,0.30887442231178286,0.21732243001452273
473.0,0.0005,13.0,50.0,200.0,0.7544079303741456,0.0016005516052246093,0.5571192560856282,0.3103818655014038,0.2137853626201897
474.0,0.0005,13.0,50.0,500.0,0.8713170051574707,0.0012011528015136719,0.5758692525332985,0.3316253960132599,0.15998906579646718
475.0,0.0005,13.0,50.0,1000.0,0.9203893184661865,0.0014011859893798828,0.5583373007941793,0.3117405414581299,0.21045503887689537
476.0,0.0005,13.0,100.0,100.0,1.3064512252807616,0.0030030250549316407,0.5546957203430549,0.30768734216690063,0.2205743825076943
477.0,0.0005,13.0,100.0,200.0,1.2958405494689942,0.003202199935913086,0.5542984256090946,0.30724674463272095,0.22174498168969362
478.0,0.0005,13.0,100.0,500.0,1.506502628326416,0.0030025959014892576,0.5729137565076494,0.3282301723957062,0.16924402644349198
479.0,0.0005,13.0,100.0,1000.0,1.1397140979766847,0.0030030727386474608,0.5688135855626347,0.32354889512062074,0.18050334711957733
480.0,0.0001,3.0,5.0,100.0,0.25936212539672854,0.0010009765625,27.89624472455539,778.2004697322845,-1947.5696304875898
481.0,0.0001,3.0,5.0,200.0,0.49428811073303225,0.00020017623901367188,21.05788929673279,443.43470163345336,-1110.2873489578294
482.0,0.0001,3.0,5.0,500.0,1.276662015914917,0.00067291259765625,2.1516168796645587,4.629455196857452,-10.802935745703362
483.0,0.0001,3.0,5.0,1000.0,2.0400869369506838,0.0004002571105957031,0.5974456765207665,0.35694133639335635,0.09453601701830498
484.0,0.0001,3.0,10.0,100.0,0.2803810596466064,0.0008007526397705078,6.428389444878573,41.324190855026245,-103.6491680354414
485.0,0.0001,3.0,10.0,200.0,0.5463634014129639,0.0009992599487304687,4.430559256215611,19.62985532283783,-48.163080488545745
486.0,0.0001,3.0,10.0,500.0,1.3478735446929933,0.0004004955291748047,1.1951444570064536,1.4283702731132508,-2.5807847228125094
487.0,0.0001,3.0,10.0,1000.0,1.7974952697753905,0.00040035247802734376,0.8031461824228661,0.6450437903404236,-0.6349640326539715
488.0,0.0001,3.0,20.0,100.0,0.3171416759490967,0.00040030479431152344,1.6871924296641096,2.8466182947158813,-6.183155264572887
489.0,0.0001,3.0,20.0,200.0,0.6122405052185058,0.0010010719299316407,1.3074599202105297,1.7094514429569245,-3.296630835415223
490.0,0.0001,3.0,20.0,500.0,1.353844451904297,0.0010011672973632812,1.7507059836050434,3.0649714410305022,-6.766792791721822
491.0,0.0001,3.0,20.0,1000.0,1.2588366508483886,0.0006967067718505859,1.2822035520861104,1.6440459489822388,-3.1624785935124633
492.0,0.0001,3.0,50.0,100.0,0.46983928680419923,0.000600433349609375,1.503712232881249,2.2611504793167114,-4.69808680800946
493.0,0.0001,3.0,50.0,200.0,0.9293840408325196,0.0006005287170410157,1.768474815920029,3.1275031745433806,-6.9222430892784335
494.0,0.0001,3.0,50.0,500.0,1.1036468029022217,0.0005980491638183594,1.3123159779106819,1.7221732258796691,-3.356791439991799
495.0,0.0001,3.0,50.0,1000.0,1.1470683097839356,0.0008006095886230469,0.7760766134564752,0.6022949099540711,-0.5254626094612576
496.0,0.0001,3.0,100.0,100.0,0.7585478305816651,0.0010011672973632812,1.0789240212050732,1.1640770435333252,-1.939194567161438
497.0,0.0001,3.0,100.0,200.0,1.2374345302581786,0.001401376724243164,1.3562023167643964,1.8392847239971162,-3.6450135084889594
498.0,0.0001,3.0,100.0,500.0,1.170756721496582,0.0008007049560546875,0.7745248914884346,0.5998888075351715,-0.5248863175523175
499.0,0.0001,3.0,100.0,1000.0,1.2860859394073487,0.00080108642578125,1.8009364824558596,3.243372213840485,-7.215074822355608
500.0,0.0001,5.0,5.0,100.0,0.380549955368042,0.0008010387420654297,25.806466099339406,665.9736925363541,-1685.0094692475363
501.0,0.0001,5.0,5.0,200.0,0.7002413272857666,0.0006001949310302735,6.791776473282978,46.128227663040164,-120.88514614113697
502.0,0.0001,5.0,5.0,500.0,1.786473846435547,0.0006005287170410157,1.8309820574788114,3.3524952948093416,-7.706833572069679
503.0,0.0001,5.0,5.0,1000.0,2.576318883895874,0.0004004955291748047,0.5707500451531143,0.3257556140422821,0.17408102352770727
504.0,0.0001,5.0,10.0,100.0,0.3804616451263428,0.001000690460205078,1.71086198474635,2.9270487308502195,-6.401068656622035
505.0,0.0001,5.0,10.0,200.0,0.827860164642334,0.00040030479431152344,1.5363252726551913,2.3602953433990477,-4.935030392315988
506.0,0.0001,5.0,10.0,500.0,1.7432466983795165,0.0008007526397705078,0.6678821306785053,0.44606654047966005,-0.12675988578200337
507.0,0.0001,5.0,10.0,1000.0,2.339075708389282,0.0006005287170410157,0.5995171342410331,0.3594207942485809,0.0881838930239158
508.0,0.0001,5.0,20.0,100.0,0.4197067737579346,0.0006005764007568359,1.438427447628455,2.0690735220909118,-4.291623826527059
509.0,0.0001,5.0,20.0,200.0,0.8802622318267822,0.0006009578704833984,1.134053780129852,1.2860779762268066,-2.300234224058709
510.0,0.0001,5.0,20.0,500.0,0.9106865882873535,0.0006006240844726562,0.7469411740854658,0.5579211175441742,-0.40485554891707765
511.0,0.0001,5.0,20.0,1000.0,1.0009686946868896,0.0006005287170410157,0.6002894815840433,0.36034746170043946,0.08729762555768536
512.0,0.0001,5.0,50.0,100.0,0.7186604976654053,0.0010006427764892578,0.9023863315856305,0.8143010914325715,-1.0597192412764753
513.0,0.0001,5.0,50.0,200.0,1.0477256298065185,0.0006006717681884766,0.8687741928025264,0.7547685980796814,-0.911681863757015
514.0,0.0001,5.0,50.0,500.0,1.0537415981292724,0.000600433349609375,1.0904465406380552,1.189073657989502,-2.008761961477298
515.0,0.0001,5.0,50.0,1000.0,0.8936769485473632,0.0006002426147460937,0.885041233950238,0.78329798579216,-0.9816030518318838
516.0,0.0001,5.0,100.0,100.0,1.227396297454834,0.0012011051177978516,0.7403647154545048,0.5481399118900299,-0.3759236290321363
517.0,0.0001,5.0,100.0,200.0,1.1728858947753906,0.0012010574340820313,1.6359171632014566,2.6762249648571013,-5.775900841906717
518.0,0.0001,5.0,100.0,500.0,1.2696693420410157,0.0015999317169189454,0.7325632391246422,0.5366488993167877,-0.36149662369966074
519.0,0.0001,5.0,100.0,1000.0,1.2057315826416015,0.001401233673095703,0.8579664061011855,0.7361063539981842,-0.8579788497889455
520.0,0.0001,7.0,5.0,100.0,0.44946889877319335,0.0006005764007568359,2.072033885542489,4.293324422836304,-10.026087222953308
521.0,0.0001,7.0,5.0,200.0,1.008024263381958,0.0006006240844726562,12.390478597981101,153.52395988702773,-383.36008927074835
522.0,0.0001,7.0,5.0,500.0,2.0765344142913817,0.0008006095886230469,1.7041590552482595,2.9041580855846405,-6.099502488895934
523.0,0.0001,7.0,5.0,1000.0,3.7236878871917725,0.0007258415222167969,0.5861006598597914,0.3435139834880829,0.12989607000802697
524.0,0.0001,7.0,10.0,100.0,0.5324087142944336,0.0008006095886230469,1.6900496048390743,2.8562676668167115,-6.266971456407022
525.0,0.0001,7.0,10.0,200.0,1.075860071182251,0.0009984016418457032,1.4252387532779254,2.031305503845215,-4.126588249913199
526.0,0.0001,7.0,10.0,500.0,2.1788769245147703,0.0008010387420654297,0.5861016920828431,0.3435151934623718,0.12905716081146348
527.0,0.0001,7.0,10.0,1000.0,2.138821744918823,0.0004002571105957031,0.5813843223252501,0.3380077302455902,0.1441329192762592
528.0,0.0001,7.0,20.0,100.0,0.5869592189788818,0.0010008811950683594,0.8541050880999653,0.7294955015182495,-0.8483140285410687
529.0,0.0001,7.0,20.0,200.0,1.089438009262085,0.00039930343627929686,0.5899248534773903,0.3480113327503204,0.11625317420141579
530.0,0.0001,7.0,20.0,500.0,1.2489941120147705,0.00040044784545898435,0.7448673934496925,0.5548274338245391,-0.40462795577238514
531.0,0.0001,7.0,20.0,1000.0,1.2969281673431396,0.0008007049560546875,0.9016824883755165,0.8130313098430634,-1.0606260861552
532.0,0.0001,7.0,50.0,100.0,0.9283675193786621,0.0012011528015136719,0.7173207086590496,0.5145489990711212,-0.30310078535195994
533.0,0.0001,7.0,50.0,200.0,0.8516177654266357,0.0010010242462158204,0.6701924658942385,0.44915794134140014,-0.13693737283003884
534.0,0.0001,7.0,50.0,500.0,0.8370742321014404,0.0008007049560546875,0.6742551429094122,0.4546199977397919,-0.15096656928565966
535.0,0.0001,7.0,50.0,1000.0,0.9767760753631591,0.001102304458618164,0.6344587975389231,0.40253796577453616,-0.01765717476772628
536.0,0.0001,7.0,100.0,100.0,1.3331910610198974,0.0017139434814453125,0.8715764577137095,0.7596455216407776,-0.915614747601104
537.0,0.0001,7.0,100.0,200.0,1.2809621810913085,0.0018004417419433595,0.7822999650707234,0.6119932353496551,-0.5536498550359426
538.0,0.0001,7.0,100.0,500.0,1.1916114807128906,0.0018041133880615234,0.7193995360391778,0.5175356924533844,-0.32512331426945484
539.0,0.0001,7.0,100.0,1000.0,1.309688663482666,0.0014013290405273438,0.9030771949021814,0.8155484199523926,-1.066803070477297
540.0,0.0001,9.0,5.0,100.0,0.5683223724365234,0.00040063858032226565,2.7507612648573527,7.566687536239624,-18.005583545394106
541.0,0.0001,9.0,5.0,200.0,1.1424839973449707,0.0006007194519042969,1.3082976139967353,1.7116426467895507,-3.3253913392553907
542.0,0.0001,9.0,5.0,500.0,2.2623273372650146,0.0010013103485107422,0.8145728665888384,0.6635289549827575,-0.681726639291763
543.0,0.0001,9.0,5.0,1000.0,3.244347620010376,0.0008007049560546875,1.633594699751707,2.6686316430568695,-5.756394282002744
544.0,0.0001,9.0,10.0,100.0,0.6390331268310547,0.0008008480072021484,1.9712505612345341,3.8858287751674654,-8.915017569504197
545.0,0.0001,9.0,10.0,200.0,1.3424226284027099,0.0008007526397705078,0.8763512906017845,0.7679915845394134,-0.9931307760496775
546.0,0.0001,9.0,10.0,500.0,2.197016954421997,0.000400543212890625,0.5712255928451518,0.3262986779212952,0.1730982562222359
547.0,0.0001,9.0,10.0,1000.0,1.8266895771026612,0.0007998943328857422,0.6084349791205662,0.37019312381744385,0.06214549785730008
548.0,0.0001,9.0,20.0,100.0,0.7295205593109131,0.0008010387420654297,0.6562281059972621,0.4306353271007538,-0.08693542347071821
549.0,0.0001,9.0,20.0,200.0,1.2159229278564454,0.0008008003234863282,0.6361129312567881,0.40463966131210327,-0.023662614716878895
550.0,0.0001,9.0,20.0,500.0,1.095124864578247,0.0010008811950683594,0.5953867538080027,0.35448538661003115,0.10148852893588105
551.0,0.0001,9.0,20.0,1000.0,1.0962531089782714,0.0010009288787841796,0.5631694783333145,0.31715986132621765,0.19698874326685076
552.0,0.0001,9.0,50.0,100.0,1.030856227874756,0.001199960708618164,0.6410206154693551,0.4109074294567108,-0.04274801971956495
553.0,0.0001,9.0,50.0,200.0,0.9447520732879638,0.0012012481689453124,0.7521637024738282,0.5657502353191376,-0.43221552785391937
554.0,0.0001,9.0,50.0,500.0,1.028425931930542,0.00120086669921875,0.7359827865953714,0.5416706621646881,-0.3715769492840688
555.0,0.0001,9.0,50.0,1000.0,1.0231417179107667,0.0010007858276367188,0.7682483144841571,0.5902054727077484,-0.4929266946501848
556.0,0.0001,9.0,100.0,100.0,1.4357005119323731,0.002000570297241211,0.6809610515231268,0.46370795369148254,-0.17268326636472325
557.0,0.0001,9.0,100.0,200.0,1.380716323852539,0.002200603485107422,0.9117254621427004,0.8312433183193206,-1.1041825783822334
558.0,0.0001,9.0,100.0,500.0,1.4426026344299316,0.002202129364013672,0.5975347308116393,0.3570477545261383,0.09487048972841165
559.0,0.0001,9.0,100.0,1000.0,1.4437633514404298,0.0019076347351074218,0.708599122520192,0.5021127164363861,-0.26942620036724646
560.0,0.0001,11.0,5.0,100.0,0.6968178749084473,0.0006240367889404297,3.344526182980387,11.185855388641357,-27.16657349137614
561.0,0.0001,11.0,5.0,200.0,1.3576720237731934,0.0009929656982421875,3.0773275601071797,9.469944912195206,-23.261437707334217
562.0,0.0001,11.0,5.0,500.0,2.9527274131774903,0.0007302284240722657,0.6344732837929308,0.40255634784698485,-0.03066399936025872
563.0,0.0001,11.0,5.0,1000.0,4.261040496826172,0.0008008480072021484,2.2881236406607237,5.235509794950485,-12.018430353683033
564.0,0.0001,11.0,10.0,100.0,0.769740104675293,0.0008005619049072266,1.7277270088150893,2.985040616989136,-6.521137751935534
565.0,0.0001,11.0,10.0,200.0,1.4276831150054932,0.0005012989044189453,0.6012294689646387,0.36147687435150144,0.08572268197819836
566.0,0.0001,11.0,10.0,500.0,1.6713464736938477,0.0008011341094970703,0.571694802207265,0.32683494687080383,0.17277698038934708
567.0,0.0001,11.0,10.0,1000.0,1.798053789138794,0.0008005142211914062,0.5639628937922864,0.3180541455745697,0.19453889756886594
568.0,0.0001,11.0,20.0,100.0,0.833212423324585,0.0007981300354003906,0.6304646441055337,0.39748566746711733,-0.0067959687913573315
569.0,0.0001,11.0,20.0,200.0,0.9758769035339355,0.0009046077728271484,0.556889480376866,0.31012589335441587,0.2143653673001383
570.0,0.0001,11.0,20.0,500.0,1.1613017082214356,0.0010009765625,0.5848306603155456,0.3420269012451172,0.13307738227891389
571.0,0.0001,11.0,20.0,1000.0,1.2178678512573242,0.0008008003234863282,0.7806418684151634,0.6094017267227173,-0.5430756440034707
572.0,0.0001,11.0,50.0,100.0,0.970203971862793,0.0016014575958251953,0.7072096710168454,0.5001455187797547,-0.2665800073798913
573.0,0.0001,11.0,50.0,200.0,1.1723598957061767,0.0012010574340820313,0.6960158658795289,0.4844380855560303,-0.2263462656763157
574.0,0.0001,11.0,50.0,500.0,1.0010057449340821,0.0012012004852294921,0.6629357281583246,0.439483779668808,-0.11468841900068141
575.0,0.0001,11.0,50.0,1000.0,1.03772029876709,0.0014011383056640625,0.5983688344978475,0.3580452620983124,0.09175297280745551
576.0,0.0001,11.0,100.0,100.0,1.6620165348052978,0.00240178108215332,0.6402830327683298,0.4099623620510101,-0.037959493229426974
577.0,0.0001,11.0,100.0,200.0,1.3985438346862793,0.0022043228149414063,0.629799893857887,0.39664790630340574,-0.004622766965210756
578.0,0.0001,11.0,100.0,500.0,1.4565234661102295,0.0024024486541748048,0.6455487583118618,0.4167331993579865,-0.05450526372287039
579.0,0.0001,11.0,100.0,1000.0,1.4928223133087157,0.002007007598876953,0.6044404237242786,0.36534822583198545,0.0757495832544495
580.0,0.0001,13.0,5.0,100.0,0.7623740196228027,0.0008007526397705078,3.3608806128234225,11.295518493652343,-27.4629008116995
581.0,0.0001,13.0,5.0,200.0,1.4701082706451416,0.0007996082305908204,2.990517929855093,8.94319748878479,-22.128108076565287
582.0,0.0001,13.0,5.0,500.0,3.441706323623657,0.0007069587707519531,1.9002970265688672,3.611128789186478,-8.321991045261068
583.0,0.0001,13.0,5.0,1000.0,3.6701855182647707,0.0010015010833740235,0.5700042257235978,0.32490481734275817,0.178834953396213
584.0,0.0001,13.0,10.0,100.0,0.9243927001953125,0.0008009433746337891,1.511173808525492,2.2836462795734405,-4.793830031851364
585.0,0.0001,13.0,10.0,200.0,1.7921340942382813,0.0010013103485107422,0.6894561032671266,0.47534971833229067,-0.1991857108458201
586.0,0.0001,13.0,10.0,500.0,1.9241544723510742,0.0008008480072021484,0.5586128765112871,0.3120483458042145,0.2096122421367292
587.0,0.0001,13.0,10.0,1000.0,2.487534189224243,0.0007032394409179687,0.5674426311534452,0.32199113965034487,0.18499371472782855
588.0,0.0001,13.0,20.0,100.0,0.9629776000976562,0.0010009765625,0.5867946763569446,0.3443279922008514,0.12811349133138636
589.0,0.0001,13.0,20.0,200.0,1.3528712272644043,0.0008007526397705078,0.5912603533445212,0.34958880543708803,0.11403432169580827
590.0,0.0001,13.0,20.0,500.0,1.485379981994629,0.0009993553161621095,0.5599009231217752,0.313489043712616,0.20532112128464958
591.0,0.0001,13.0,20.0,1000.0,1.0878885746002198,0.0008008956909179687,0.581048896824809,0.3376178205013275,0.1446901122497411
592.0,0.0001,13.0,50.0,100.0,1.1671454906463623,0.001209259033203125,0.6275541235466651,0.39382417798042296,0.002075263974757946
593.0,0.0001,13.0,50.0,200.0,1.3721240043640137,0.001601409912109375,0.5652192878950475,0.3194728434085846,0.1909603778002889
594.0,0.0001,13.0,50.0,500.0,1.2494220733642578,0.0015807628631591796,0.5762912432626035,0.3321115970611572,0.15786141362847567
595.0,0.0001,13.0,50.0,1000.0,1.1421716213226318,0.0012010574340820313,0.5679374150968471,0.3225529074668884,0.1826354969084981
596.0,0.0001,13.0,100.0,100.0,1.8908393383026123,0.0028025627136230467,0.5682491234882944,0.3229070663452148,0.18156915416409775
597.0,0.0001,13.0,100.0,200.0,1.7257244110107421,0.002912569046020508,0.6127636322659088,0.37547926902770995,0.04912076048918741
598.0,0.0001,13.0,100.0,500.0,1.97141375541687,0.003002500534057617,0.6103566503694189,0.372535240650177,0.05707055150498304
599.0,0.0001,13.0,100.0,1000.0,1.679805374145508,0.0034030914306640626,0.6086745173049662,0.3704846680164337,0.060048565332321904
600.0,5e-05,3.0,5.0,100.0,0.25150227546691895,0.0008006095886230469,26.879408178977563,722.5025840520859,-1855.7733993703137
601.0,5e-05,3.0,5.0,200.0,0.508986520767212,0.000600433349609375,4.911781837054587,24.125600814819336,-62.12764789508681
602.0,5e-05,3.0,5.0,500.0,1.3214980125427247,0.00040035247802734376,38.782352516677335,1504.070866727829,-4006.1500324698754
603.0,5e-05,3.0,5.0,1000.0,2.548791265487671,0.000600433349609375,2.1241879510418014,4.512174451351166,-10.510246556087756
604.0,5e-05,3.0,10.0,100.0,0.2989241600036621,0.00040044784545898435,13.236587413349488,175.20724635124208,-442.63784209525977
605.0,5e-05,3.0,10.0,200.0,0.5523616790771484,0.0008009910583496094,3.267249233660534,10.674917554855346,-25.83572729301975
606.0,5e-05,3.0,10.0,500.0,1.4091570377349854,0.0004001617431640625,1.3758480057992037,1.8929577350616456,-3.84486282570967
607.0,5e-05,3.0,10.0,1000.0,2.697698974609375,0.0004002571105957031,0.8613801209548454,0.7419757127761841,-0.8676778265639703
608.0,5e-05,3.0,20.0,100.0,0.2911898136138916,0.000800466537475586,8.652711780031748,74.86942114830018,-188.6037638002533
609.0,5e-05,3.0,20.0,200.0,0.5934629917144776,0.0008008956909179687,1.8259999370721176,3.3342757701873778,-7.523763685017042
610.0,5e-05,3.0,20.0,500.0,1.5570284843444824,0.0006004810333251953,1.4659212101844659,2.148924994468689,-4.50319665139466
611.0,5e-05,3.0,20.0,1000.0,2.2749006271362306,0.0008008480072021484,1.4371031047397038,2.0652653336524964,-4.2271257824757935
612.0,5e-05,3.0,50.0,100.0,0.4672351837158203,0.0010008811950683594,1.8604745642982154,3.4613656044006347,-7.7795926791561385
613.0,5e-05,3.0,50.0,200.0,0.9195934295654297,0.0008008003234863282,1.795777936318491,3.224818396568298,-7.165902364447615
614.0,5e-05,3.0,50.0,500.0,2.1119019985198975,0.0009027481079101563,1.4123433321599703,1.9947136878967284,-4.045837777018498
615.0,5e-05,3.0,50.0,1000.0,2.071560335159302,0.0006004810333251953,1.0319104940500958,1.0648392677307128,-1.6939278394012842
616.0,5e-05,3.0,100.0,100.0,0.8245194911956787,0.0010983943939208984,1.5797401245890326,2.4955788612365724,-5.30389313470743
617.0,5e-05,3.0,100.0,200.0,1.5408646583557128,0.0010046005249023438,1.0688638420151606,1.1424699127674103,-1.8822655965370079
618.0,5e-05,3.0,100.0,500.0,1.9970317363739014,0.0010008811950683594,1.7370726903838094,3.017421531677246,-6.638099182207549
619.0,5e-05,3.0,100.0,1000.0,2.128578948974609,0.0010011672973632812,0.9818318531018959,0.9639937877655029,-1.4411766972835398
620.0,5e-05,5.0,5.0,100.0,0.35168933868408203,0.0007202625274658203,77.62213545104048,6025.195911979676,-15304.504968892832
621.0,5e-05,5.0,5.0,200.0,0.7208455562591553,0.000799560546875,9.183560316900342,84.33778009414672,-205.38456320778974
622.0,5e-05,5.0,5.0,500.0,1.7693366050720214,0.0003996849060058594,1.263786251781992,1.5971556901931763,-3.005824998447074
623.0,5e-05,5.0,5.0,1000.0,3.630890417098999,0.0006003856658935546,1.4512871677196466,2.106234443187714,-4.304610079454068
624.0,5e-05,5.0,10.0,100.0,0.3994969367980957,0.0008007526397705078,1.7156048243713853,2.943299913406372,-6.429066931703034
625.0,5e-05,5.0,10.0,200.0,0.8435554504394531,0.00020003318786621094,3.095560819321364,9.582496786117554,-23.093172531614574
626.0,5e-05,5.0,10.0,500.0,1.9914337635040282,0.0009973526000976562,1.0143514541835932,1.02890887260437,-1.6057213662963659
627.0,5e-05,5.0,10.0,1000.0,3.6371644020080565,0.0006006717681884766,1.0956471746782641,1.2004427313804626,-2.0351548560367325
628.0,5e-05,5.0,20.0,100.0,0.4615668773651123,0.0010009288787841796,1.4638147346000998,2.142753577232361,-4.396564484832481
629.0,5e-05,5.0,20.0,200.0,0.8701159477233886,0.00040030479431152344,1.2538656305406657,1.5721790194511414,-3.013638349428765
630.0,5e-05,5.0,20.0,500.0,1.9328010559082032,0.000600433349609375,0.793094388282363,0.6289987087249755,-0.5928468089060006
631.0,5e-05,5.0,20.0,1000.0,1.8027305603027344,0.001000833511352539,0.9330279690883195,0.8705411911010742,-1.2039578596498035
632.0,5e-05,5.0,50.0,100.0,0.7200609683990479,0.0010008811950683594,1.4087985067131645,1.9847132325172425,-4.035343649425123
633.0,5e-05,5.0,50.0,200.0,1.479076862335205,0.0008008003234863282,0.8299334231642143,0.6887894868850708,-0.7420353300998687
634.0,5e-05,5.0,50.0,500.0,1.8626342296600342,0.0010010242462158204,1.3829901177080133,1.9126616656780242,-3.8444298679079774
635.0,5e-05,5.0,50.0,1000.0,1.7156286239624023,0.0010018348693847656,0.8891542135979594,0.7905952155590057,-1.0019855191021132
636.0,5e-05,5.0,100.0,100.0,1.2773116111755372,0.0010010242462158204,1.1373124371460634,1.2934795796871186,-2.3007891761048973
637.0,5e-05,5.0,100.0,200.0,1.8008094310760498,0.0012011051177978516,0.8132020741379965,0.6612976133823395,-0.670682896072085
638.0,5e-05,5.0,100.0,500.0,1.5969659328460692,0.001201295852661133,0.7936161761974734,0.6298266351222992,-0.5943306369971252
639.0,5e-05,5.0,100.0,1000.0,2.081386661529541,0.0012012004852294921,1.0680339617517431,1.140696543455124,-1.8867898243763581
640.0,5e-05,7.0,5.0,100.0,0.4586454391479492,0.0008007049560546875,16.12751434890849,260.0967190742493,-652.1076053182625
641.0,5e-05,7.0,5.0,200.0,0.9515963554382324,0.0006152629852294922,2.2269631543993373,4.959364891052246,-11.582038567645274
642.0,5e-05,7.0,5.0,500.0,2.400770664215088,0.00040035247802734376,2.1092104586251708,4.448768758773804,-10.211465662797027
643.0,5e-05,7.0,5.0,1000.0,3.9402828216552734,0.0006007194519042969,0.763912906317328,0.5835629284381867,-0.45440600725531083
644.0,5e-05,7.0,10.0,100.0,0.5286773204803467,0.00040044784545898435,2.0906643691297644,4.370877504348755,-10.13362988367772
645.0,5e-05,7.0,10.0,200.0,1.0747955322265625,0.0006002902984619141,2.169113340915502,4.70505268573761,-10.862757365753817
646.0,5e-05,7.0,10.0,500.0,2.550640106201172,0.0008007049560546875,0.7871055356824207,0.6195351243019104,-0.5752099690453054
647.0,5e-05,7.0,10.0,1000.0,3.5482524394989015,0.0008024215698242187,0.6383551602661545,0.40749731063842776,-0.04001860379995061
648.0,5e-05,7.0,20.0,100.0,0.5652443408966065,0.0008007049560546875,1.6064365857475733,2.5806385040283204,-5.565463971213971
649.0,5e-05,7.0,20.0,200.0,1.151486873626709,0.0010010242462158204,1.1202815233786942,1.2550306916236877,-2.2814948544442593
650.0,5e-05,7.0,20.0,500.0,1.9599362373352052,0.0006006240844726562,0.6486334033700331,0.42072529196739195,-0.06594095821379678
651.0,5e-05,7.0,20.0,1000.0,2.136933994293213,0.00040035247802734376,0.573924335596699,0.3293891429901123,0.16557958225352554
652.0,5e-05,7.0,50.0,100.0,0.9659377098083496,0.0010009288787841796,1.0082754801607707,1.0166194438934326,-1.5720211288287789
653.0,5e-05,7.0,50.0,200.0,1.7527069568634033,0.0010000228881835937,0.9247336597014774,0.8551323413848877,-1.1623681044229055
654.0,5e-05,7.0,50.0,500.0,1.6682282447814942,0.001102447509765625,0.8411549149407803,0.7075415909290313,-0.7907560171611727
655.0,5e-05,7.0,50.0,1000.0,1.5053417682647705,0.001001119613647461,0.5919994750246091,0.35046337842941283,0.1119453628793774
656.0,5e-05,7.0,100.0,100.0,1.7856672763824464,0.0016080379486083985,0.7326733129608894,0.5368101835250855,-0.3529356143312919
657.0,5e-05,7.0,100.0,200.0,1.726566457748413,0.0016011238098144532,0.8241918622734075,0.6792922258377075,-0.7197618511105334
658.0,5e-05,7.0,100.0,500.0,1.7779054641723633,0.0019028186798095703,0.8250463660533557,0.6807015061378479,-0.7332150958112241
659.0,5e-05,7.0,100.0,1000.0,2.0598623752593994,0.001800537109375,0.8541639959867331,0.7295961320400238,-0.8688028623213983
660.0,5e-05,9.0,5.0,100.0,0.5652913570404052,0.0006007194519042969,2.7726786475245664,7.68774688243866,-18.08940119829625
661.0,5e-05,9.0,5.0,200.0,1.1896376132965087,0.0002002716064453125,2.8103955554852633,7.898323178291321,-18.89781699809658
662.0,5e-05,9.0,5.0,500.0,2.851714849472046,0.0008012771606445313,2.844305116318416,8.090071594715118,-19.15044910309449
663.0,5e-05,9.0,5.0,1000.0,5.051562833786011,0.0004004001617431641,1.5735071642245588,2.4759247958660127,-5.271364883024488
664.0,5e-05,9.0,10.0,100.0,0.6508657932281494,0.0006005764007568359,2.653632635970362,7.041766166687012,-17.052178514246382
665.0,5e-05,9.0,10.0,200.0,1.3077496528625487,0.0010008811950683594,1.5870176986892464,2.5186251759529115,-5.474008544607466
666.0,5e-05,9.0,10.0,500.0,2.942619037628174,0.0008007049560546875,0.8895881908799304,0.7913671493530273,-1.0026553765518433
667.0,5e-05,9.0,10.0,1000.0,3.0844066619873045,0.0010024070739746093,0.7848261732456788,0.6159521222114563,-0.56046126580536
668.0,5e-05,9.0,20.0,100.0,0.7031493186950684,0.0007999897003173828,1.5017937504971473,2.2553844690322875,-4.717593057448822
669.0,5e-05,9.0,20.0,200.0,1.4281750202178956,0.0008010387420654297,0.6118806773264263,0.37439796328544617,0.04888817664823364
670.0,5e-05,9.0,20.0,500.0,1.9884713649749757,0.0008006572723388671,0.5940270731083415,0.35286816358566286,0.10631325520235486
671.0,5e-05,9.0,20.0,1000.0,1.828530740737915,0.0008008003234863282,0.6637323029811609,0.44054057002067565,-0.10748203299099372
672.0,5e-05,9.0,50.0,100.0,1.2142103672027589,0.0016013622283935548,1.2896875172479405,1.6632938921451568,-3.218008442101282
673.0,5e-05,9.0,50.0,200.0,1.407094621658325,0.0009998321533203126,0.620640235245206,0.3851943016052246,0.025790112191591885
674.0,5e-05,9.0,50.0,500.0,1.6464810371398926,0.0014052391052246094,1.0687418251394196,1.1422090888023377,-1.8896846469776434
675.0,5e-05,9.0,50.0,1000.0,1.627124309539795,0.0010085582733154296,0.6430064434808408,0.41345728635787965,-0.04722240717911437
676.0,5e-05,9.0,100.0,100.0,1.8643805503845214,0.002602291107177734,0.6682778117510844,0.44659523367881776,-0.12738527862233134
677.0,5e-05,9.0,100.0,200.0,1.7311448574066162,0.0022011280059814455,0.6590242374938302,0.4343129456043243,-0.09894215868926848
678.0,5e-05,9.0,100.0,500.0,1.674509859085083,0.0020018100738525392,0.7099305745890317,0.5040014207363128,-0.28207247915275613
679.0,5e-05,9.0,100.0,1000.0,1.889687728881836,0.0020017623901367188,0.661117454361693,0.43707628846168517,-0.10379738616760896
680.0,5e-05,11.0,5.0,100.0,0.7757335662841797,0.001001119613647461,3.3258353438849615,11.0611807346344,-26.949332650059922
681.0,5e-05,11.0,5.0,200.0,1.3441072940826415,0.000400543212890625,3.398150889270157,11.547429466247559,-27.841991861580333
682.0,5e-05,11.0,5.0,500.0,3.301881122589111,0.0009998321533203126,2.2936998088968643,5.261058813333511,-12.319860613434473
683.0,5e-05,11.0,5.0,1000.0,5.747112607955932,0.0008009433746337891,0.7048481996937435,0.49681098461151124,-0.2583725811173168
684.0,5e-05,11.0,10.0,100.0,0.7750489234924316,0.0010004043579101562,1.7417650540258287,3.0337455034255982,-6.694831090411165
685.0,5e-05,11.0,10.0,200.0,1.5450998783111571,0.0010010242462158204,1.2479238625617746,1.5573139667510987,-3.0023353136106756
686.0,5e-05,11.0,10.0,500.0,3.564233160018921,0.0007997035980224609,0.9711899731962546,0.9432099640369416,-1.3587901230451656
687.0,5e-05,11.0,10.0,1000.0,3.123042440414429,0.0006002426147460937,0.5659080576913349,0.32025192975997924,0.18877591013970035
688.0,5e-05,11.0,20.0,100.0,0.8882661819458008,0.00080413818359375,1.031756796718105,1.0645220875740051,-1.6972309158474999
689.0,5e-05,11.0,20.0,200.0,1.7030961990356446,0.0007981300354003906,0.9608283438364147,0.9231911063194275,-1.4095244353200855
690.0,5e-05,11.0,20.0,500.0,2.093013858795166,0.0010008811950683594,0.5689914610009148,0.3237512826919556,0.17992135513084456
691.0,5e-05,11.0,20.0,1000.0,2.3103243350982665,0.0007969379425048828,0.5626356808950164,0.31655890941619874,0.198141803523202
692.0,5e-05,11.0,50.0,100.0,1.4717583656311035,0.0011999130249023438,0.5861139514993882,0.3435295641422272,0.12867269563463346
693.0,5e-05,11.0,50.0,200.0,1.7853864669799804,0.0014013290405273438,0.6347718317755443,0.40293527841567994,-0.02093036200825913
694.0,5e-05,11.0,50.0,500.0,1.5581024646759034,0.0012027740478515625,0.6018091018347872,0.36217419505119325,0.08307418840380221
695.0,5e-05,11.0,50.0,1000.0,1.892137098312378,0.0011020183563232421,0.6145610746027488,0.37768531441688535,0.043363032836915186
696.0,5e-05,11.0,100.0,100.0,2.1040460109710692,0.0024023056030273438,0.6189982734958069,0.3831588625907898,0.029606163717026557
697.0,5e-05,11.0,100.0,200.0,1.9715243339538575,0.002400970458984375,0.6201962398092765,0.3846433758735657,0.026345850327331232
698.0,5e-05,11.0,100.0,500.0,2.35449161529541,0.002591848373413086,0.629415407862954,0.3961637556552887,-0.0021480559703321634
699.0,5e-05,11.0,100.0,1000.0,2.086980199813843,0.0020021438598632813,0.6605287031655293,0.43629816770553587,-0.10477822138055612
700.0,5e-05,13.0,5.0,100.0,0.7771031379699707,0.00080108642578125,2.890853336697918,8.357033014297485,-20.43103524581641
701.0,5e-05,13.0,5.0,200.0,1.6330171585083009,0.001001262664794922,2.7376128378130664,7.494524049758911,-18.129462443615136
702.0,5e-05,13.0,5.0,500.0,3.870272636413574,0.0008007049560546875,1.6857753010983487,2.8418383657932282,-6.115022174711792
703.0,5e-05,13.0,5.0,1000.0,6.611469364166259,0.0008005619049072266,2.185985010597408,4.778530466556549,-11.02537599833397
704.0,5e-05,13.0,10.0,100.0,0.8918050289154053,0.0010004997253417968,1.6388956492315112,2.685978949069977,-5.82968363118422
705.0,5e-05,13.0,10.0,200.0,1.7710403442382812,0.0008009433746337891,2.203554735139253,4.855653470754623,-11.204315073793744
706.0,5e-05,13.0,10.0,500.0,3.652956819534302,0.0008007049560546875,0.56637789425082,0.320783919095993,0.18756454623118904
707.0,5e-05,13.0,10.0,1000.0,5.676002836227417,0.00040035247802734376,0.6083872198598421,0.37013500928878784,0.05623193137907003
708.0,5e-05,13.0,20.0,100.0,0.966572904586792,0.0009999752044677734,1.3033756124894345,1.6987879872322083,-3.3521302483740065
709.0,5e-05,13.0,20.0,200.0,1.912730598449707,0.0008003711700439453,0.7370183406343817,0.5431960344314575,-0.37520452304865604
710.0,5e-05,13.0,20.0,500.0,2.177056312561035,0.0009997367858886718,0.5536708379956192,0.30655139684677124,0.22322876791028076
711.0,5e-05,13.0,20.0,1000.0,2.101103115081787,0.001000833511352539,0.5606600444476701,0.31433968544006347,0.20375525856014085
712.0,5e-05,13.0,50.0,100.0,1.5336665630340576,0.0016014575958251953,0.6473029586900582,0.4190011203289032,-0.06177853888556049
713.0,5e-05,13.0,50.0,200.0,1.7189061164855957,0.0016013145446777343,0.6054161393473307,0.3665287017822266,0.06982187666168675
714.0,5e-05,13.0,50.0,500.0,2.0123610973358153,0.0016016960144042969,0.562416356543582,0.3163121581077576,0.19872084587176844
715.0,5e-05,13.0,50.0,1000.0,2.248773431777954,0.001600503921508789,0.6153220317096493,0.37862120270729066,0.04124401955201147
716.0,5e-05,13.0,100.0,100.0,2.7131685256958007,0.0026023387908935547,0.5972391705239757,0.3566946268081665,0.09606187311136771
717.0,5e-05,13.0,100.0,200.0,2.1713319301605223,0.0030027389526367187,0.5934973229281203,0.35223907232284546,0.10678706878197672
718.0,5e-05,13.0,100.0,500.0,2.251055908203125,0.002602291107177734,0.6154692428598515,0.3788023889064789,0.03820603184292535
719.0,5e-05,13.0,100.0,1000.0,2.380676746368408,0.0028098106384277345,0.5901771007648956,0.3483090102672577,0.11630073998549402
